class	eFG%	opp_eFG%	TO%	opp_TO%	OR%	DR%	FTR	opp_FTR	_eFG%	_opp_eFG%	_TO%	_opp_TO%	_OR%	_DR%	_FTR	_opp_FTR	season
1	0.5299295774647887	0.4348034515819751	0.20813982943510936	0.20467286524919667	0.4090909090909091	0.6779661016949152	0.4351106639839034	0.277085330776606	0.4795808704997313	0.4810267857142857	0.22112573099415206	0.26258205689277897	0.35126050420168065	0.6618644067796611	0.400322407307899	0.39341517857142855	2010
1	0.5097163865546218	0.4936182019977802	0.1618292832274882	0.2197654555574749	0.3585526315789473	0.7321739130434782	0.4564075630252101	0.35571587125416204	0.5448717948717948	0.4765415549597855	0.2040201238031206	0.20911632596938307	0.3002364066193853	0.7032854209445585	0.37314439946018896	0.386058981233244	2010
1	0.4887525562372188	0.4599899345747358	0.18724643711640487	0.2224539450816823	0.31109324758842444	0.660536398467433	0.40797546012269936	0.3598389531957725	0.556442417331813	0.4673024523160763	0.2228949895165873	0.2060295769018481	0.3275154004106776	0.6776429809358753	0.37229190421892816	0.3302452316076294	2010
1	0.4885204081632653	0.4526795895096921	0.19594241545197386	0.2442947622398713	0.42762613730355664	0.7044079515989629	0.301530612244898	0.3050171037628278	0.5409186906019008	0.4938775510204082	0.1585557016990685	0.16043704323164748	0.34464285714285714	0.6947014297729184	0.3912354804646251	0.2785714285714286	2010
1	0.5566091954022988	0.4575365579302587	0.17325436157782345	0.16354078143836834	0.33889468196037537	0.6913470115967886	0.32068965517241377	0.3143982002249719	0.5095238095238095	0.4383671291355389	0.17719340451912574	0.2374585023976392	0.26608695652173914	0.6481334392374901	0.32645502645502644	0.3575240128068303	2010
1	0.5023065094823168	0.4494754279403645	0.19333545692645288	0.2588224281568848	0.32466442953020136	0.6823821339950372	0.3603280369041517	0.4086140254003313	0.5203106332138591	0.4688809096349491	0.21252049304754386	0.2181409137738904	0.4017769002961501	0.6824512534818942	0.4103942652329749	0.3147815679233992	2010
1	0.5295874049945711	0.4720319634703196	0.19468704512372634	0.22117660317818102	0.3806038426349497	0.6806506849315068	0.4397394136807817	0.4897260273972603	0.4903474903474904	0.4702687249857061	0.2289494934664513	0.2525779058306165	0.3447979363714531	0.6749146757679181	0.4594594594594595	0.4694110920526015	2010
1	0.4743515850144092	0.4300341296928328	0.21481438084636864	0.1993853096794273	0.3851044504995459	0.6608040201005025	0.4103746397694524	0.3856655290102389	0.5134035423647678	0.4480455220188026	0.18652470741222368	0.21244517543859648	0.3959839357429719	0.683929931454684	0.4044997606510292	0.3527956457199406	2010
1	0.4941031941031941	0.4623453469607316	0.17501658925016592	0.2372357345819111	0.37416107382550334	0.6835970024979184	0.4201474201474201	0.4636901559978483	0.524741707449701	0.4927211646136618	0.16016581872997926	0.23594258069632798	0.3144186046511628	0.6694915254237288	0.35073409461663946	0.2945128779395297	2010
1	0.5029311187103078	0.4386942675159236	0.15826229672924585	0.2317972350230415	0.4063777596075225	0.674512987012987	0.3790913531998046	0.34501061571125263	0.450029744199881	0.4567367119901112	0.2651092719766782	0.22482193307070947	0.35982142857142857	0.7360861759425493	0.4913741820345033	0.5512978986402967	2010
1	0.5439010017678255	0.4639541234298198	0.196141105364096	0.1896171539368133	0.32443125618199803	0.7138047138047138	0.4926340601060695	0.3391589295466958	0.5086567164179104	0.43241661790520775	0.265230342351165	0.2535951440094513	0.3864970645792564	0.6741186586414445	0.3874626865671642	0.3387946167349327	2010
1	0.519438444924406	0.4429028815368196	0.16726807998797172	0.21718968845818976	0.3529962546816479	0.628966639544345	0.3390928725701944	0.2902881536819637	0.4813278008298755	0.5126582278481012	0.119817298723021	0.25007632491065496	0.30824891461649784	0.617467248908297	0.3333333333333333	0.3971518987341772	2010
1	0.5032745591939547	0.4561797752808989	0.18264840182648406	0.30194512183413663	0.34757118927973196	0.621317157712305	0.3350125944584383	0.3870786516853933	0.5096418732782371	0.4605263157894737	0.21940284269770105	0.2747531277247197	0.3615107913669065	0.6639566395663956	0.3526170798898072	0.34912280701754383	2010
1	0.4961561206386753	0.4453828828828829	0.1976855355933554	0.16879256722176292	0.3713477851083883	0.6835334476843911	0.42637492607924304	0.3277027027027027	0.4941551540913922	0.5005288207297726	0.19787253222753087	0.19091415830546266	0.3724315068493151	0.6883802816901409	0.4064824654622742	0.31464833421470123	2010
1	0.4934963579604579	0.4765670767428237	0.17238614496472096	0.2221758320410354	0.4240924092409241	0.6877289377289377	0.38189386056191466	0.40597539543058003	0.4788797061524334	0.4653179190751445	0.18718386298294973	0.21073107472848115	0.40130151843817785	0.6537618699780862	0.44214876033057854	0.428709055876686	2010
1	0.5253565768621236	0.4567553735926305	0.1883448804032272	0.1875736896637965	0.3502626970227671	0.7058353317346123	0.4236661384046487	0.3316274309109519	0.5365659777424483	0.4670037253858436	0.1993848080748545	0.2277629034657147	0.33303085299455537	0.6783960720130933	0.34287228404875464	0.329430548163917	2010
1	0.505872931126535	0.4685893774985722	0.20286707211120766	0.25811697520942456	0.4103852596314908	0.6678291194420227	0.5205552589428724	0.4728726442033124	0.5509259259259259	0.462972972972973	0.16425061208673136	0.2399679421467579	0.3102493074792244	0.7299752270850537	0.382201646090535	0.3637837837837838	2010
1	0.4968691296180338	0.4622336991607489	0.18185939085198696	0.22483768095991924	0.3074596774193548	0.7406659939455096	0.3644333124608641	0.2853453841187863	0.5505533199195171	0.42987654320987656	0.18694996015125565	0.2084165552217031	0.3819444444444444	0.6826783114992722	0.4240442655935613	0.31209876543209875	2010
1	0.5023065094823168	0.4494754279403645	0.19333545692645288	0.2588224281568848	0.32466442953020136	0.6823821339950372	0.3603280369041517	0.4086140254003313	0.4887525562372188	0.4599899345747358	0.18724643711640487	0.2224539450816823	0.31109324758842444	0.660536398467433	0.40797546012269936	0.3598389531957725	2010
1	0.4941031941031941	0.4623453469607316	0.17501658925016592	0.2372357345819111	0.37416107382550334	0.6835970024979184	0.4201474201474201	0.4636901559978483	0.5097163865546218	0.4936182019977802	0.1618292832274882	0.2197654555574749	0.3585526315789473	0.7321739130434782	0.4564075630252101	0.35571587125416204	2010
1	0.5029311187103078	0.4386942675159236	0.15826229672924585	0.2317972350230415	0.4063777596075225	0.674512987012987	0.3790913531998046	0.34501061571125263	0.5336962156557802	0.4832089552238806	0.17775702948252953	0.19802623035969352	0.35223048327137546	0.6929065743944637	0.3519958527734577	0.3395522388059701	2010
1	0.5153930731170973	0.4654494382022472	0.21290114558834689	0.20546313574463013	0.4046728971962617	0.7164179104477612	0.3622869708631116	0.3	0.519438444924406	0.4429028815368196	0.16726807998797172	0.21718968845818976	0.3529962546816479	0.628966639544345	0.3390928725701944	0.2902881536819637	2010
1	0.5639281828073993	0.4737848170398689	0.1810367528119475	0.2360011726766344	0.29569377990430623	0.7158894645941278	0.35690968443960824	0.2676133260513381	0.5062827225130889	0.436676798378926	0.24229074889867844	0.2184231343939527	0.3837011884550085	0.6551982049364248	0.3743455497382199	0.3470111448834853	2010
1	0.5734584450402145	0.4614799797263051	0.2224084579680248	0.2371181030551756	0.3716475095785441	0.6502732240437158	0.37372654155495977	0.2534211860111505	0.5439010017678255	0.4639541234298198	0.196141105364096	0.1896171539368133	0.32443125618199803	0.7138047138047138	0.4926340601060695	0.3391589295466958	2010
1	0.4934963579604579	0.4765670767428237	0.17238614496472096	0.2221758320410354	0.4240924092409241	0.6877289377289377	0.38189386056191466	0.40597539543058003	0.5032745591939547	0.4561797752808989	0.18264840182648406	0.30194512183413663	0.34757118927973196	0.621317157712305	0.3350125944584383	0.3870786516853933	2010
1	0.5253565768621236	0.4567553735926305	0.1883448804032272	0.1875736896637965	0.3502626970227671	0.7058353317346123	0.4236661384046487	0.3316274309109519	0.4961561206386753	0.4453828828828829	0.1976855355933554	0.16879256722176292	0.3713477851083883	0.6835334476843911	0.42637492607924304	0.3277027027027027	2010
1	0.5299295774647887	0.4348034515819751	0.20813982943510936	0.20467286524919667	0.4090909090909091	0.6779661016949152	0.4351106639839034	0.277085330776606	0.5642286416717885	0.4766139657444005	0.1935870869233286	0.22496681739443436	0.3232104121475054	0.7007299270072993	0.28887523048555624	0.3893280632411067	2010
1	0.4934963579604579	0.4765670767428237	0.17238614496472096	0.2221758320410354	0.4240924092409241	0.6877289377289377	0.38189386056191466	0.40597539543058003	0.4941031941031941	0.4623453469607316	0.17501658925016592	0.2372357345819111	0.37416107382550334	0.6835970024979184	0.4201474201474201	0.4636901559978483	2010
1	0.5023065094823168	0.4494754279403645	0.19333545692645288	0.2588224281568848	0.32466442953020136	0.6823821339950372	0.3603280369041517	0.4086140254003313	0.5639281828073993	0.4737848170398689	0.1810367528119475	0.2360011726766344	0.29569377990430623	0.7158894645941278	0.35690968443960824	0.2676133260513381	2010
1	0.4934963579604579	0.4765670767428237	0.17238614496472096	0.2221758320410354	0.4240924092409241	0.6877289377289377	0.38189386056191466	0.40597539543058003	0.5299295774647887	0.4348034515819751	0.20813982943510936	0.20467286524919667	0.4090909090909091	0.6779661016949152	0.4351106639839034	0.277085330776606	2010
1	0.5029311187103078	0.4386942675159236	0.15826229672924585	0.2317972350230415	0.4063777596075225	0.674512987012987	0.3790913531998046	0.34501061571125263	0.5462377943710511	0.44644808743169395	0.21415600821095848	0.17777567080686452	0.3833671399594321	0.6704824202780049	0.3727742676622631	0.3469945355191257	2010
1	0.5029311187103078	0.4386942675159236	0.15826229672924585	0.2317972350230415	0.4063777596075225	0.674512987012987	0.3790913531998046	0.34501061571125263	0.5199252801992528	0.4633251833740831	0.20431900527009225	0.2312761373716893	0.3119072708113804	0.7294685990338164	0.476961394769614	0.3581907090464548	2010
1	0.4920294297976701	0.4772727272727273	0.22842166328264205	0.26211702661978903	0.3209756097560976	0.6416349809885932	0.4175352544451257	0.3955773955773956	0.4766115231032516	0.5029708853238265	0.1846224854802108	0.22142743916937466	0.2933563416738568	0.6809302325581396	0.42384483742156304	0.4533571004159239	2011
1	0.4943289224952741	0.4884848484848485	0.20826675189091293	0.20628091615745936	0.2994011976047904	0.6666666666666666	0.4158790170132325	0.3781818181818182	0.44351961950059454	0.4666456891126495	0.248101016079708	0.2549456388457451	0.3616298811544992	0.6644920782851818	0.4667063020214031	0.5267463813719321	2011
1	0.5084388185654009	0.5037817396002161	0.1782765691059861	0.23775960905929894	0.3154761904761905	0.6362023070097604	0.3697257383966245	0.34035656401944897	0.5013935340022296	0.4637350085665334	0.1813241011159894	0.1944165534620912	0.30180180180180183	0.7193784277879341	0.3472686733556299	0.364363221016562	2011
1	0.4814462416745956	0.4533239038189533	0.16985717119619126	0.17882388582200082	0.39453125	0.6533036377134372	0.3434823977164605	0.2739273927392739	0.5124722838137472	0.4500548847420417	0.18064279933716132	0.18682902773035925	0.25965250965250963	0.7123857024106399	0.3425720620842572	0.3578485181119649	2011
1	0.5091019417475728	0.489010989010989	0.2401028277634961	0.2564074164322265	0.4169921875	0.7151394422310757	0.4095873786407767	0.3800904977375565	0.525378233284529	0.44515441959531415	0.1911262209643461	0.2471840932961501	0.3516844700082169	0.650438946528332	0.2981942410932162	0.40042598509052185	2011
1	0.5084978070175439	0.4392281105990784	0.16916824812621006	0.20751978082639894	0.3755824790307549	0.700354609929078	0.3273026315789473	0.28859447004608296	0.5016339869281046	0.4889410187667561	0.22960857205335666	0.22184376820687493	0.3573667711598746	0.7150259067357513	0.4444444444444444	0.4463806970509384	2011
1	0.5013676148796499	0.4597540525433203	0.16387991639749194	0.21255787961041034	0.3214936247723133	0.7154326494201606	0.34463894967177244	0.2733370598099497	0.4988193624557261	0.5058892815076561	0.1802436396784619	0.18638793751566285	0.3231827111984283	0.6983349657198825	0.31759149940968123	0.2909305064782097	2011
1	0.5046511627906977	0.4594155844155844	0.2324056677626429	0.1823851823851824	0.3596574690770695	0.6854974704890388	0.4279069767441861	0.3300865800865801	0.4864712514092446	0.4777777777777778	0.20675195589291606	0.1854933437744714	0.3457013574660633	0.7150442477876107	0.366967305524239	0.3732193732193732	2011
1	0.4837019790454016	0.4557882489819662	0.18509378084896347	0.18826893260576288	0.4047186932849365	0.6438232642019838	0.4074505238649593	0.35369400814426993	0.5020360674810936	0.4517078916372202	0.21245472276400112	0.2483189928263402	0.3455743879472693	0.6750675067506751	0.3845258871436882	0.3468786808009423	2011
1	0.5204572803850782	0.4830564784053156	0.12265404062044735	0.17516407034589065	0.34169278996865204	0.7297592997811816	0.2803850782190133	0.3136212624584718	0.5443386773547094	0.4562064965197216	0.20343696887500212	0.3147325738559568	0.3793691389599318	0.6778063410454156	0.3802605210420842	0.4582366589327146	2011
1	0.5765696784073507	0.4466564573762124	0.198333650898131	0.2172671627674572	0.36522539098436063	0.7196850393700788	0.4063297600816743	0.32771822358346103	0.4740618101545254	0.4559286463798531	0.1921875295855187	0.17707216037282242	0.3460559796437659	0.6575342465753424	0.3769315673289183	0.30640083945435465	2011
1	0.4917032698877502	0.4612215220552594	0.18654219366927655	0.2045204258220148	0.37172359015091344	0.7019519519519519	0.37920937042459735	0.2481822588463403	0.5236486486486487	0.4816491897044805	0.20870881082735404	0.20566766852726487	0.3785772690106296	0.6780185758513931	0.5062370062370062	0.2502383222116301	2011
1	0.541207196749855	0.4665605095541401	0.16545078081157966	0.15798014509354716	0.33849129593810445	0.7009267059814659	0.4538595473012188	0.2547770700636943	0.4987146529562982	0.4653361344537815	0.18441698980972127	0.21309883470004315	0.2845257903494177	0.6691056910569105	0.31876606683804626	0.38235294117647056	2011
1	0.5243128964059197	0.4545934530095037	0.1827318410232983	0.21598070198403047	0.3704363312555655	0.6648044692737429	0.35676532769556024	0.29408658922914466	0.4884272997032641	0.4589820359281437	0.22846350676251975	0.2028215170649828	0.3129062209842154	0.6998207885304659	0.3839762611275964	0.451497005988024	2011
1	0.502773575390822	0.4204545454545455	0.17033320904376126	0.1963920732249178	0.3822330888345558	0.6968534151957022	0.4321734745335351	0.3106060606060606	0.5609633718013045	0.4942446043165468	0.19243241398143093	0.16723537957363424	0.3637168141592921	0.6834645669291338	0.3998996487706975	0.30839328537170263	2011
1	0.5084388185654009	0.5037817396002161	0.1782765691059861	0.23775960905929894	0.3154761904761905	0.6362023070097604	0.3697257383966245	0.34035656401944897	0.5439127801332526	0.4659685863874346	0.21950189953566904	0.17934074742009815	0.3362068965517241	0.6749539594843462	0.3361599030890369	0.3664921465968585	2011
1	0.5392387218045113	0.4608100999473961	0.16776039867765333	0.21603308694121787	0.3795081967213115	0.6821895424836601	0.324718045112782	0.44450289321409786	0.4940744920993228	0.4473975636766335	0.20854398382204248	0.1875335737855882	0.3680297397769517	0.6826599326599326	0.3656884875846501	0.3510520487264673	2011
1	0.4814462416745956	0.4533239038189533	0.16985717119619126	0.17882388582200082	0.39453125	0.6533036377134372	0.3434823977164605	0.2739273927392739	0.4934426229508197	0.45840760546642895	0.17845130428283132	0.2440028827344796	0.3836589698046181	0.6940298507462687	0.385792349726776	0.35056446821152704	2011
1	0.5360458765701802	0.4464662447257384	0.1728340983107014	0.2005310098535983	0.28205128205128205	0.6704824202780049	0.3342435827416712	0.2916666666666667	0.5091019417475728	0.489010989010989	0.2401028277634961	0.2564074164322265	0.4169921875	0.7151394422310757	0.4095873786407767	0.3800904977375565	2011
1	0.5204572803850782	0.4830564784053156	0.12265404062044735	0.17516407034589065	0.34169278996865204	0.7297592997811816	0.2803850782190133	0.3136212624584718	0.4968961625282167	0.4701722017220173	0.2204191764683528	0.24913877952755906	0.411978221415608	0.6900866217516843	0.4272009029345372	0.4538745387453874	2011
1	0.5765696784073507	0.4466564573762124	0.198333650898131	0.2172671627674572	0.36522539098436063	0.7196850393700788	0.4063297600816743	0.32771822358346103	0.5282861896838602	0.4542465753424658	0.2004886603219641	0.18792667024622228	0.3209028459273798	0.6807958477508651	0.28618968386023297	0.32493150684931504	2011
1	0.56005291005291	0.48429752066115705	0.1569445704436179	0.2578516066526724	0.3527777777777778	0.7186932849364791	0.3783068783068783	0.2088154269972452	0.5354488279016579	0.4579493087557603	0.1706251706251706	0.22013086679053234	0.3281703775411423	0.6883230904302019	0.3927958833619211	0.3202764976958525	2011
1	0.5084388185654009	0.5037817396002161	0.1782765691059861	0.23775960905929894	0.3154761904761905	0.6362023070097604	0.3697257383966245	0.34035656401944897	0.5081699346405228	0.4576368876080691	0.15614680630248134	0.2329349807575451	0.3203266787658802	0.7004524886877828	0.35130718954248363	0.31412103746397696	2011
1	0.5169902912621359	0.4758414766558089	0.19096057828452195	0.20120528771384136	0.3836589698046181	0.70147954743255	0.3592233009708738	0.2660152008686211	0.5178571428571429	0.4653029518384257	0.15369373031196015	0.21734808227596428	0.3152627189324437	0.7133706965572458	0.3898809523809524	0.33195235629207664	2011
1	0.4917032698877502	0.4612215220552594	0.18654219366927655	0.2045204258220148	0.37172359015091344	0.7019519519519519	0.37920937042459735	0.2481822588463403	0.513953488372093	0.5	0.17576438072205908	0.2150247413405308	0.3622317596566524	0.6713692946058091	0.4470284237726098	0.2918781725888325	2011
1	0.5084388185654009	0.5037817396002161	0.1782765691059861	0.23775960905929894	0.3154761904761905	0.6362023070097604	0.3697257383966245	0.34035656401944897	0.4910970706490523	0.4220890410958904	0.2460290904796583	0.2361368019205793	0.3570767807585569	0.6906957250628667	0.3802412406662837	0.3641552511415525	2011
1	0.4814462416745956	0.4533239038189533	0.16985717119619126	0.17882388582200082	0.39453125	0.6533036377134372	0.3434823977164605	0.2739273927392739	0.5441176470588235	0.4844327176781002	0.19936495191518092	0.19611233460131405	0.3333333333333333	0.7104580812445981	0.4406318082788671	0.3630606860158312	2011
1	0.5084388185654009	0.5037817396002161	0.1782765691059861	0.23775960905929894	0.3154761904761905	0.6362023070097604	0.3697257383966245	0.34035656401944897	0.5765696784073507	0.4466564573762124	0.198333650898131	0.2172671627674572	0.36522539098436063	0.7196850393700788	0.4063297600816743	0.32771822358346103	2011
1	0.4814462416745956	0.4533239038189533	0.16985717119619126	0.17882388582200082	0.39453125	0.6533036377134372	0.3434823977164605	0.2739273927392739	0.5095375722543353	0.4880294659300184	0.17304459606447148	0.2039834302690489	0.32435033686236764	0.72568093385214	0.38439306358381503	0.3947206875383671	2011
1	0.4480021893814997	0.473972602739726	0.2306075765747336	0.2251324583902795	0.3360455655004068	0.6724738675958188	0.4028461959496442	0.3879452054794521	0.4653767820773931	0.5016769144773616	0.21095929103555414	0.2531071738884062	0.3364126250962279	0.686411149825784	0.34928716904276985	0.417551704863052	2012
1	0.4817307692307693	0.44283121597096187	0.24401657975665195	0.191038186410817	0.3419155509783728	0.6901017576318224	0.3423076923076923	0.31820931639443434	0.5211538461538462	0.4601409978308026	0.19275912743095974	0.20701223650784414	0.3212890625	0.726148409893993	0.3445054945054945	0.2695227765726681	2012
1	0.4941699056079956	0.4581717451523546	0.19989719572791134	0.2098524263582384	0.34150772025431425	0.7005937234944869	0.3786785119378123	0.3313019390581717	0.4653622421998943	0.4672176308539945	0.17369815915765344	0.21533119760593916	0.3734335839598997	0.6953528399311532	0.4119513484928609	0.3382920110192837	2012
1	0.5290468133107727	0.482573726541555	0.19326791463438145	0.18306547963155664	0.3215940685820204	0.7366548042704626	0.3869148336153413	0.2568364611260054	0.5021691973969631	0.4436868686868687	0.1949703306018649	0.164288054756617	0.3679927667269439	0.6542346542346542	0.3443600867678959	0.2494949494949495	2012
1	0.4762143214822233	0.4286439817166074	0.22091501016295176	0.2444503171247357	0.3616352201257861	0.6566940912490651	0.3700550826239359	0.3478923311325546	0.5133660665575559	0.4741879350348028	0.17331103930262268	0.1853709385571552	0.35050597976080955	0.7330928764652841	0.3671576650300055	0.40835266821345706	2012
1	0.5083919870059556	0.4580010632642212	0.19413563854141866	0.2492517770295548	0.3442622950819672	0.6378737541528239	0.4147265836491608	0.31100478468899523	0.5225685115529285	0.4745762711864407	0.1850549613235131	0.2364401801448992	0.3042688465031789	0.7336244541484717	0.3670069854916712	0.3502824858757062	2012
1	0.5472088215024121	0.4606481481481482	0.2237968771463895	0.2572122545312894	0.3473193473193473	0.6519052523171988	0.4638180565127498	0.35119047619047616	0.5346471710108074	0.5048632218844985	0.2063685549924082	0.19451014564919705	0.2841163310961969	0.7057086614173228	0.4297520661157025	0.3908814589665653	2012
1	0.5294117647058824	0.4409221902017291	0.20938599768004248	0.23034491119597506	0.3400383141762452	0.7272727272727273	0.3938869665513264	0.32046109510086457	0.5258367586611862	0.4744172825469016	0.19673004102240452	0.23139690658872245	0.341796875	0.6844968268359021	0.4339401056958309	0.27345082433200685	2012
1	0.5254891864057673	0.4633463905987689	0.17493976757369614	0.25300222681724194	0.3584738243123337	0.7519858781994704	0.3697219361483007	0.2859541130386122	0.4741429401510749	0.4771771771771772	0.2105931789309098	0.23258429263704586	0.3899082568807339	0.6704653371320038	0.4299825682742591	0.3975975975975976	2012
1	0.5396391470749043	0.4663065843621399	0.20860883979958653	0.1974428191004268	0.3221110100090992	0.6782464846980976	0.3958447238928376	0.2911522633744856	0.5254360465116279	0.4489100817438692	0.22205637662719	0.21136797352465156	0.3092269326683292	0.7334024896265559	0.4273255813953488	0.2908719346049046	2012
1	0.4965177016831109	0.4180083482409064	0.1511098405178575	0.19073914051467952	0.3044719314938154	0.7194570135746606	0.3110853163087638	0.29934406678592723	0.5282651072124757	0.4485436893203884	0.1990842126219391	0.23752706703787174	0.2778993435448578	0.6862745098039216	0.3976608187134503	0.3902912621359224	2012
1	0.5833791964777105	0.4930268595041322	0.19011585331505715	0.1568817578074974	0.3155778894472362	0.738655462184874	0.3918547055586131	0.293904958677686	0.4901433691756272	0.43437688139674896	0.21309011550101914	0.22387598814229248	0.3388834476003918	0.680628272251309	0.3649940262843489	0.3859121011438893	2012
1	0.5100882723833543	0.4289719626168224	0.2031166039763568	0.2086290704176883	0.35873015873015873	0.6966604823747681	0.3940731399747793	0.36074766355140186	0.5572100313479624	0.4778311965811966	0.17959001782531195	0.21871135637954267	0.3460837887067395	0.6805324459234608	0.39184952978056425	0.3584401709401709	2012
1	0.5399889685603971	0.4389102916895982	0.20463847203274213	0.22093423619878344	0.3491912464319695	0.7145256087321579	0.4103695532266961	0.3428728673637865	0.485310421286031	0.5089234312032239	0.1955084147564736	0.2435208690005313	0.3527803099361896	0.6704331450094162	0.4401330376940133	0.38687392055267705	2012
1	0.5094594594594595	0.4710348706411698	0.17130601103043586	0.23056394960951296	0.31431159420289856	0.7075134168157424	0.3735135135135135	0.3329583802024747	0.5298869143780289	0.4709362139917696	0.1805086572311229	0.192168892096716	0.3471731448763251	0.6783333333333333	0.4528809908454496	0.31893004115226337	2012
1	0.5273120605732828	0.4299014238773275	0.2040401802201049	0.2080397608256846	0.3704735376044568	0.7236628849270664	0.3899405083829097	0.3417305585980285	0.5325396825396825	0.4908685968819599	0.23172255780045825	0.18536245051593225	0.3475177304964539	0.6599402092675636	0.4984126984126984	0.22316258351893092	2012
1	0.4971214738054116	0.4539544962080173	0.2288307424929999	0.20346022050059592	0.3348924228250701	0.6700251889168766	0.4375359815774323	0.371614301191766	0.5777777777777777	0.4971006852925672	0.1588223549271232	0.2306924540027495	0.3064833005893909	0.6814621409921671	0.3772486772486772	0.272008434370058	2012
1	0.4901804670912951	0.4720704310868245	0.1993051746205888	0.30019775335874904	0.3503344481605351	0.6638655462184874	0.3662420382165605	0.4347298117789921	0.5362927414517097	0.4877611940298507	0.18626136194307852	0.2099288984534886	0.281282316442606	0.6911045943304008	0.2891421715656869	0.29970149253731343	2012
1	0.5208207604103802	0.4487179487179487	0.18295105275262927	0.25912293379098544	0.31891348088531185	0.7064777327935222	0.3512371756185878	0.3740959894806049	0.5439024390243903	0.43259610321221703	0.1983581624612904	0.21407196423420824	0.314453125	0.6708860759493671	0.41626016260162607	0.3828330700368615	2012
1	0.4967231021299836	0.4524564183835182	0.19447325529708107	0.19124289669240854	0.3173758865248227	0.6975206611570248	0.4079737848170399	0.3639725303750661	0.4922901199314677	0.4555912252541466	0.1620039546584702	0.17227401702472636	0.3067873303167421	0.6787878787878788	0.3792118789263278	0.24719101123595505	2012
1	0.5335239085239085	0.4158714213962833	0.1706182924026238	0.1823960703579297	0.3853127833182231	0.6897865853658537	0.3996881496881497	0.25565042692114515	0.5290468133107727	0.482573726541555	0.19326791463438145	0.18306547963155664	0.3215940685820204	0.7366548042704626	0.3869148336153413	0.2568364611260054	2012
1	0.5254891864057673	0.4633463905987689	0.17493976757369614	0.25300222681724194	0.3584738243123337	0.7519858781994704	0.3697219361483007	0.2859541130386122	0.5336597307221542	0.4662889518413598	0.2099476652196844	0.2065025470338725	0.3476482617586912	0.7228163992869875	0.4700122399020808	0.2651558073654391	2012
1	0.5197031729785057	0.43993506493506496	0.15621633268692092	0.2617224880382775	0.3661726242371404	0.6069975589910497	0.31832139201637666	0.2976190476190476	0.4933908045977011	0.4577507598784194	0.2170927938730515	0.25791204274558155	0.4075785582255083	0.6629526462395543	0.428735632183908	0.4164133738601824	2012
1	0.4965177016831109	0.4180083482409064	0.1511098405178575	0.19073914051467952	0.3044719314938154	0.7194570135746606	0.3110853163087638	0.29934406678592723	0.5396391470749043	0.4663065843621399	0.20860883979958653	0.1974428191004268	0.3221110100090992	0.6782464846980976	0.3958447238928376	0.2911522633744856	2012
1	0.5091836734693878	0.4737780040733198	0.19205356356268166	0.1898531089560753	0.3575757575757576	0.692432872253865	0.3596938775510204	0.32382892057026474	0.5100882723833543	0.4289719626168224	0.2031166039763568	0.2086290704176883	0.35873015873015873	0.6966604823747681	0.3940731399747793	0.36074766355140186	2012
1	0.4995483288166215	0.4506001846722069	0.15474366711542328	0.19234978197552066	0.40501519756838905	0.723388848660391	0.3807588075880759	0.22022160664819945	0.5833791964777105	0.4930268595041322	0.19011585331505715	0.1568817578074974	0.3155778894472362	0.738655462184874	0.3918547055586131	0.293904958677686	2012
1	0.4967231021299836	0.4524564183835182	0.19447325529708107	0.19124289669240854	0.3173758865248227	0.6975206611570248	0.4079737848170399	0.3639725303750661	0.5094594594594595	0.4710348706411698	0.17130601103043586	0.23056394960951296	0.31431159420289856	0.7075134168157424	0.3735135135135135	0.3329583802024747	2012
1	0.5254891864057673	0.4633463905987689	0.17493976757369614	0.25300222681724194	0.3584738243123337	0.7519858781994704	0.3697219361483007	0.2859541130386122	0.4797930014785609	0.4610526315789474	0.15712016200834486	0.22660182416833816	0.3608490566037736	0.6525781910397295	0.29374075899457863	0.2557894736842105	2012
1	0.5335239085239085	0.4158714213962833	0.1706182924026238	0.1823960703579297	0.3853127833182231	0.6897865853658537	0.3996881496881497	0.25565042692114515	0.5471859010801592	0.4766226622662266	0.19860364185300494	0.21418190162931236	0.3545816733067729	0.6879861711322386	0.4661739624786811	0.3421342134213421	2012
1	0.4762143214822233	0.4286439817166074	0.22091501016295176	0.2444503171247357	0.3616352201257861	0.6566940912490651	0.3700550826239359	0.3478923311325546	0.5472794506075013	0.4896118097320941	0.16605166051660514	0.206137900475851	0.3381037567084079	0.689594356261023	0.3301637612255679	0.3072717331875341	2012
1	0.5335239085239085	0.4158714213962833	0.1706182924026238	0.1823960703579297	0.3853127833182231	0.6897865853658537	0.3996881496881497	0.25565042692114515	0.525974025974026	0.4724770642201835	0.2130973253254747	0.224508355121064	0.3762935089369708	0.6714893617021277	0.3647186147186147	0.3167835941716136	2012
1	0.5335239085239085	0.4158714213962833	0.1706182924026238	0.1823960703579297	0.3853127833182231	0.6897865853658537	0.3996881496881497	0.25565042692114515	0.5399889685603971	0.4389102916895982	0.20463847203274213	0.22093423619878344	0.3491912464319695	0.7145256087321579	0.4103695532266961	0.3428728673637865	2012
1	0.4518413597733711	0.4450305385896724	0.24377702020682954	0.25277678588208763	0.3021702838063439	0.6663993584603047	0.431728045325779	0.4131038312048862	0.4843296575739988	0.4749461206896552	0.21139760614541767	0.1492674836450751	0.2929936305732484	0.6711749788672866	0.3853743470690656	0.3852370689655173	2013
1	0.5427036199095022	0.4720552884615384	0.1858591362902127	0.1902611062987254	0.37195715676728336	0.7502356267672008	0.36934389140271495	0.3762019230769231	0.5128996074032529	0.4408926417370326	0.21519921298573536	0.2657844452575517	0.3699261992619926	0.7096774193548387	0.4223219293325856	0.42460796139927626	2013
1	0.5145180023228804	0.4922248803827751	0.17899761336515513	0.2368862733433895	0.29560975609756096	0.6708074534161491	0.3153310104529617	0.28648325358851673	0.5162094763092271	0.5064979480164159	0.19326398992421445	0.2233170641863892	0.3006396588486141	0.7536394176931691	0.33728179551122195	0.4281805745554035	2013
1	0.5099375354911981	0.4686966420034149	0.21301015445667826	0.18190911408790475	0.3623462630085147	0.7396396396396396	0.38103350369108463	0.36539556061468415	0.4991139988186651	0.4264118653736452	0.15366141572027514	0.14486000243121686	0.29580348004094165	0.7580786026200873	0.3656231541642056	0.286936679977182	2013
1	0.5070595457335789	0.4619214997070885	0.21915702445003013	0.20527648015146213	0.3781779661016949	0.667584940312213	0.4137507673419276	0.3151728178090217	0.5326278659611993	0.4553254437869823	0.17683821313023732	0.20035891265778905	0.29221435793731043	0.7207373271889401	0.3868312757201646	0.3650887573964497	2013
1	0.4912235415591121	0.4630712008501594	0.2234267583289265	0.2461635640768402	0.3611111111111111	0.7223628691983123	0.3897780072276717	0.3273113708820404	0.4894561598224195	0.44463181562675663	0.1867497083505814	0.22984475739691074	0.3180987202925046	0.6929601357082273	0.4084350721420644	0.35075885328836426	2013
1	0.5070381231671555	0.4563658099222953	0.18575881741721725	0.2599160827597611	0.2813975448536355	0.7171532846715328	0.4469208211143695	0.356246264196055	0.5	0.4530656538252849	0.22943773234200746	0.1935095464709592	0.3642322097378277	0.7024308466051971	0.4794841735052755	0.3081931633206728	2013
1	0.4919236417033774	0.435978835978836	0.18726909127885305	0.2475700609544032	0.3985904463586531	0.6560805577072037	0.35291238374938816	0.355026455026455	0.5396174863387978	0.4831102613129382	0.2063345278002543	0.1932164465839332	0.2511737089201878	0.6938775510204082	0.41325136612021857	0.3511790949649458	2013
1	0.5127358490566037	0.4997096399535424	0.16711285521874325	0.33208044710327456	0.3701960784313725	0.6526122823098075	0.3061320754716981	0.4099883855981417	0.5135977337110481	0.4400705052878966	0.207748127340824	0.21750619994308248	0.3793427230046949	0.6981818181818182	0.3677053824362606	0.35487661574618096	2013
1	0.5023847376788553	0.4595060310166571	0.19913570526084487	0.22195478041273725	0.3804255319148936	0.7465277777777778	0.3582405935347112	0.3739230327398047	0.5223707147007554	0.4473854099418979	0.17404400470766593	0.2423001163935894	0.40828402366863903	0.7015655577299413	0.3753631609529343	0.34925758553905745	2013
1	0.5909345271404589	0.4592044875063743	0.2032718480676988	0.164437522902162	0.29243353783231085	0.7296	0.33631785114717405	0.2575216726160122	0.4615587151132175	0.4306246545052515	0.19216092455298733	0.2111748295102294	0.3882063882063882	0.7014925373134329	0.3617693522906793	0.32117191818684354	2013
1	0.5438214480130648	0.4567699836867863	0.16013669978337192	0.21979282137532968	0.29428571428571426	0.6710069444444444	0.3772455089820359	0.3137574768896139	0.4976415094339622	0.4794672586015538	0.2278463264161525	0.21149921740336414	0.3169347209082308	0.716696269982238	0.4033018867924528	0.2735849056603773	2013
1	0.479602510460251	0.4890992541594951	0.1742785145400703	0.2349039657316568	0.3305156382079459	0.6623012160898035	0.3122384937238494	0.3694779116465863	0.4861830742659759	0.4614147909967846	0.2064908247944832	0.2001121401365016	0.3394327538883806	0.6949152542372882	0.4139320667818077	0.2470525187566988	2013
1	0.5145180023228804	0.4922248803827751	0.17899761336515513	0.2368862733433895	0.29560975609756096	0.6708074534161491	0.3153310104529617	0.28648325358851673	0.4917728237791932	0.4742298578199052	0.17834193223937864	0.24004648033759404	0.3846823324630113	0.6603951081843838	0.3179405520169851	0.3690758293838863	2013
1	0.5084978070175439	0.4518731988472622	0.16681600671076965	0.2228574941595967	0.3229357798165138	0.7241379310344828	0.34155701754385964	0.28414985590778097	0.5249877511024008	0.5151590457256461	0.17216863961077894	0.2025437755902082	0.328448275862069	0.6661170651277823	0.3272905438510534	0.3205765407554672	2013
1	0.4845697329376855	0.4414201183431953	0.18339412319167248	0.1915347902537051	0.31486880466472306	0.7198515769944341	0.3602373887240356	0.2970414201183432	0.4790385690329793	0.473908111174135	0.17701761494086551	0.20526106018334	0.3360655737704918	0.6862745098039216	0.3610955841252096	0.314804310833806	2013
1	0.49200000000000005	0.4871220604703248	0.1618973819671224	0.21338373996414373	0.3118556701030928	0.6804788213627992	0.3552	0.3393057110862262	0.5405684754521963	0.4658711217183771	0.1837527562913444	0.16781945176146693	0.3488789237668161	0.6695112490302559	0.4118863049095608	0.28066825775656323	2013
1	0.4954407294832826	0.4403234802007808	0.18649612295762946	0.3088578088578089	0.3842323651452281	0.6633986928104575	0.3880445795339412	0.3374233128834356	0.4885386819484241	0.4821098087600247	0.1598305411130368	0.17849933062751014	0.4175209692451072	0.7672162948593598	0.4326647564469914	0.3664404688463912	2013
1	0.5070595457335789	0.4619214997070885	0.21915702445003013	0.20527648015146213	0.3781779661016949	0.667584940312213	0.4137507673419276	0.3151728178090217	0.5099375354911981	0.4686966420034149	0.21301015445667826	0.18190911408790475	0.3623462630085147	0.7396396396396396	0.38103350369108463	0.36539556061468415	2013
1	0.5073789846517119	0.4495305164319249	0.2140054085927492	0.20732408243698167	0.35531496062992124	0.7170818505338078	0.3665879574970484	0.32629107981220656	0.5321756894790602	0.4559357179885951	0.21751308579731454	0.2362982929020665	0.3622936576889661	0.6938449240607514	0.3794688457609806	0.3499222395023328	2013
1	0.4919236417033774	0.435978835978836	0.18726909127885305	0.2475700609544032	0.3985904463586531	0.6560805577072037	0.35291238374938816	0.355026455026455	0.4815340909090909	0.44502762430939213	0.1943056943056943	0.16697497809366174	0.3281853281853282	0.6942783945345858	0.3125	0.30662983425414364	2013
1	0.5023847376788553	0.4595060310166571	0.19913570526084487	0.22195478041273725	0.3804255319148936	0.7465277777777778	0.3582405935347112	0.3739230327398047	0.5553337136337707	0.4424173318129989	0.17255379618351604	0.21948413659481714	0.37448979591836734	0.6978723404255319	0.40958357102110665	0.2953249714937286	2013
1	0.5438214480130648	0.4567699836867863	0.16013669978337192	0.21979282137532968	0.29428571428571426	0.6710069444444444	0.3772455089820359	0.3137574768896139	0.5909345271404589	0.4592044875063743	0.2032718480676988	0.164437522902162	0.29243353783231085	0.7296	0.33631785114717405	0.2575216726160122	2013
1	0.5225250278086763	0.4558177826564215	0.17340372239990753	0.19094008767657086	0.30790697674418605	0.7207130730050934	0.3515016685205784	0.2881448957189901	0.479602510460251	0.4890992541594951	0.1742785145400703	0.2349039657316568	0.3305156382079459	0.6623012160898035	0.3122384937238494	0.3694779116465863	2013
1	0.5084978070175439	0.4518731988472622	0.16681600671076965	0.2228574941595967	0.3229357798165138	0.7241379310344828	0.34155701754385964	0.28414985590778097	0.53625	0.4777327935222672	0.19119624242635888	0.19312544294826364	0.3455631399317406	0.7109120521172638	0.3305	0.32388663967611336	2013
1	0.5084978070175439	0.4518731988472622	0.16681600671076965	0.2228574941595967	0.3229357798165138	0.7241379310344828	0.34155701754385964	0.28414985590778097	0.5185289163391353	0.4699656750572082	0.20202117606217815	0.22107036153275453	0.35412667946257204	0.7283609576427256	0.3739472206625492	0.3209382151029748	2013
1	0.4919236417033774	0.435978835978836	0.18726909127885305	0.2475700609544032	0.3985904463586531	0.6560805577072037	0.35291238374938816	0.355026455026455	0.5523574561403509	0.4400104329681794	0.19560816356307795	0.22086448685042592	0.3974854932301741	0.6854646544876887	0.4599780701754386	0.27699530516431925	2013
1	0.5023847376788553	0.4595060310166571	0.19913570526084487	0.22195478041273725	0.3804255319148936	0.7465277777777778	0.3582405935347112	0.3739230327398047	0.5145180023228804	0.4922248803827751	0.17899761336515513	0.2368862733433895	0.29560975609756096	0.6708074534161491	0.3153310104529617	0.28648325358851673	2013
1	0.5578098943857699	0.4271327014218009	0.18082737144996947	0.24158125915080525	0.3401759530791789	0.7140335392762577	0.29127292940522514	0.3021327014218009	0.5135869565217391	0.4709081022294726	0.22133499452561636	0.23798213946418395	0.3315602836879433	0.6734693877551021	0.3445652173913044	0.3289831430125068	2013
1	0.5442453854505972	0.4789823008849558	0.14221528018820626	0.19495919926036093	0.32502396931927136	0.7040723981900453	0.2866449511400652	0.2289823008849557	0.5341993637327678	0.4153573238722757	0.20992090721947346	0.1932978290486385	0.34251606978879706	0.7115241635687732	0.39660657476139977	0.3314749113025849	2013
1	0.4919236417033774	0.435978835978836	0.18726909127885305	0.2475700609544032	0.3985904463586531	0.6560805577072037	0.35291238374938816	0.355026455026455	0.5070595457335789	0.4619214997070885	0.21915702445003013	0.20527648015146213	0.3781779661016949	0.667584940312213	0.4137507673419276	0.3151728178090217	2013
1	0.5023847376788553	0.4595060310166571	0.19913570526084487	0.22195478041273725	0.3804255319148936	0.7465277777777778	0.3582405935347112	0.3739230327398047	0.5084978070175439	0.4518731988472622	0.16681600671076965	0.2228574941595967	0.3229357798165138	0.7241379310344828	0.34155701754385964	0.28414985590778097	2013
1	0.4954407294832826	0.4403234802007808	0.18649612295762946	0.3088578088578089	0.3842323651452281	0.6633986928104575	0.3880445795339412	0.3374233128834356	0.5438214480130648	0.4567699836867863	0.16013669978337192	0.21979282137532968	0.29428571428571426	0.6710069444444444	0.3772455089820359	0.3137574768896139	2013
1	0.5442453854505972	0.4789823008849558	0.14221528018820626	0.19495919926036093	0.32502396931927136	0.7040723981900453	0.2866449511400652	0.2289823008849557	0.5578098943857699	0.4271327014218009	0.18082737144996947	0.24158125915080525	0.3401759530791789	0.7140335392762577	0.29127292940522514	0.3021327014218009	2013
1	0.4929178470254957	0.458820093457944	0.166845658177355	0.17694692612083385	0.3969258589511754	0.7242314647377939	0.4130311614730878	0.33060747663551404	0.5132398753894081	0.4734607218683652	0.15726802965625702	0.198376169084616	0.3810763888888889	0.7106347897774113	0.4584631360332295	0.3481953290870488	2014
1	0.5270345596432553	0.451345163136806	0.18021644697423608	0.2377615376914606	0.3576576576576577	0.7083333333333334	0.4336677814938685	0.3262736119061248	0.4871559633027523	0.4821736630247269	0.20816158285243203	0.19520101117181768	0.3238747553816047	0.7090576395242452	0.4250764525993884	0.2915468660149511	2014
1	0.5228758169934641	0.4605437665782494	0.18096369922212616	0.2330842531020772	0.3257575757575757	0.7110423116615067	0.477124183006536	0.36538461538461536	0.4793028322440087	0.4462081128747795	0.17011545540744047	0.2407124681933842	0.3906111603188663	0.6772151898734177	0.3905228758169935	0.3527336860670194	2014
1	0.5448028673835126	0.461767895878525	0.17356773157237196	0.19248209361292595	0.33451957295373663	0.7228127555192151	0.3353814644137225	0.39099783080260303	0.5056015586945932	0.4907722195240408	0.13345122889751276	0.16824080089284227	0.2948517940717629	0.672911787665886	0.4315635655138821	0.3778533268576979	2014
1	0.5344183564567769	0.4927211646136618	0.1674327575681402	0.203875954657248	0.3282588011417697	0.6817769718948323	0.4290288153681964	0.4798432250839866	0.5096946194861852	0.4898648648648649	0.15189893710822902	0.17209767480623386	0.3503591380686353	0.7136186770428016	0.4760058167716917	0.3595559845559845	2014
1	0.5090065502183406	0.4678329571106095	0.16296551849363572	0.20240753324919916	0.3775137111517368	0.7109170305676856	0.4601528384279476	0.3696388261851016	0.4852378348824494	0.4929906542056075	0.20239812477461236	0.1917479726884988	0.3429068755439513	0.7399328859060402	0.4838709677419355	0.3058151609553479	2014
1	0.4679673849737915	0.44420468557336623	0.14735633972688014	0.2266040756284342	0.3613369467028004	0.7050428163653664	0.44903902154921377	0.31812577065351416	0.5352386237513873	0.4436758893280632	0.19228361385872966	0.15917264639581505	0.37940630797773656	0.6684824902723735	0.5477247502774695	0.3374505928853755	2014
1	0.4967532467532468	0.4401634559252773	0.1958211466805561	0.2241697604122289	0.2922201138519924	0.7087033747779752	0.4061393152302243	0.3432574430823117	0.4976887519260401	0.4736421725239617	0.1567092821475369	0.17547315081738254	0.3479005998286204	0.6373534338358459	0.3641499743194658	0.4307774227902024	2014
1	0.4736708860759494	0.4595645412130638	0.17317193256481214	0.16764643762320475	0.394131641554322	0.7003179650238474	0.4384810126582279	0.4048729911871436	0.5228285077951003	0.4598003152916448	0.17248185885626194	0.17395626242544732	0.2419354838709677	0.6987951807228916	0.4198218262806236	0.3704676826064109	2014
1	0.5312320916905444	0.4754666666666666	0.12765140608503694	0.15705803485922235	0.27884615384615385	0.7232704402515723	0.44126074498567336	0.25866666666666666	0.562751677852349	0.4592096876991714	0.2600651617407493	0.2093630614491377	0.2695035460992908	0.7010506208213945	0.34899328859060397	0.4117272147864882	2014
1	0.5454545454545454	0.4714593430263866	0.1960413173976529	0.1671896010757508	0.3708293612964728	0.7088091353996737	0.4890470974808324	0.4577275175013463	0.5698101653398653	0.5549932523616734	0.17153187205982046	0.274647734427582	0.2302702702702703	0.6659064994298746	0.4372320881812615	0.5526315789473685	2014
1	0.4968371112282551	0.4498977505112474	0.1769119277005712	0.1639516737098669	0.4223918575063613	0.7006220839813375	0.5376910911966263	0.3778118609406953	0.4899272523782877	0.4541763341067285	0.18692830303260333	0.19381718351248936	0.3500881834215168	0.6699201419698314	0.4079462786793509	0.4547563805104408	2014
1	0.5204918032786885	0.4809989142236699	0.1928761316948932	0.21467751087573286	0.3612132352941176	0.6684118673647469	0.3994535519125683	0.3365906623235613	0.5162300683371298	0.4701086956521739	0.1974678760393046	0.20369107169925724	0.3477460901563937	0.6897133220910624	0.4669703872437357	0.3347826086956522	2014
1	0.538678712591756	0.4648255813953489	0.1833705248859998	0.20003931976801334	0.3259827420901246	0.6994680851063829	0.3726708074534161	0.4156976744186047	0.5400919305413687	0.4900826446280992	0.14019505398815746	0.19520644134444345	0.3505154639175257	0.6833631484794276	0.39325842696629215	0.4022038567493113	2014
1	0.518652561247216	0.4831338411316649	0.1726834354229115	0.17733483061950214	0.2948243992606285	0.7201039861351819	0.4459910913140312	0.3699673558215452	0.5138966092273485	0.4493833504624872	0.16123088262391744	0.14818027395279915	0.3283442469597755	0.7143981117230527	0.4697053918843802	0.31243576567317577	2014
1	0.4929178470254957	0.458820093457944	0.166845658177355	0.17694692612083385	0.3969258589511754	0.7242314647377939	0.4130311614730878	0.33060747663551404	0.5060686015831135	0.4637117677553136	0.19429935562615547	0.193258707799975	0.3433098591549296	0.6839546191247974	0.4	0.3670295489891136	2014
1	0.5438988095238095	0.5010357327809425	0.1515767367814924	0.22010107684340235	0.3019366197183099	0.716996699669967	0.3898809523809524	0.3635422061108234	0.493485342019544	0.4632144878324844	0.16956755786829358	0.21794321342567527	0.3006756756756757	0.7063758389261745	0.4777415852334419	0.4833050367855122	2014
1	0.5063473744950953	0.4386271087841768	0.16877760267709488	0.19810148499725	0.3477038425492034	0.7357330992098332	0.4235429890363531	0.32344386271087844	0.4791183294663573	0.471830985915493	0.2095304141073905	0.19278532227696996	0.3476277372262774	0.7006255585344057	0.388631090487239	0.3908450704225352	2014
1	0.5204481792717087	0.4483152484294689	0.15999183809753473	0.19505016986647705	0.35443037974683544	0.7405541561712846	0.472829131652661	0.3557966876070817	0.4625386996904025	0.4910059960026649	0.14544314200441194	0.18213813356049227	0.30842911877394635	0.6695371367061357	0.33003095975232205	0.4290473017988008	2014
1	0.5448028673835126	0.461767895878525	0.17356773157237196	0.19248209361292595	0.33451957295373663	0.7228127555192151	0.3353814644137225	0.39099783080260303	0.5228758169934641	0.4605437665782494	0.18096369922212616	0.2330842531020772	0.3257575757575757	0.7110423116615067	0.477124183006536	0.36538461538461536	2014
1	0.4679673849737915	0.44420468557336623	0.14735633972688014	0.2266040756284342	0.3613369467028004	0.7050428163653664	0.44903902154921377	0.31812577065351416	0.5503718728870859	0.501038062283737	0.15881358256021205	0.1838580827067669	0.3144963144963145	0.7275822928490352	0.4171737660581474	0.4048442906574394	2014
1	0.5312320916905444	0.4754666666666666	0.12765140608503694	0.15705803485922235	0.27884615384615385	0.7232704402515723	0.44126074498567336	0.25866666666666666	0.5344183564567769	0.4927211646136618	0.1674327575681402	0.203875954657248	0.3282588011417697	0.6817769718948323	0.4290288153681964	0.4798432250839866	2014
1	0.518652561247216	0.4831338411316649	0.1726834354229115	0.17733483061950214	0.2948243992606285	0.7201039861351819	0.4459910913140312	0.3699673558215452	0.5454545454545454	0.4714593430263866	0.1960413173976529	0.1671896010757508	0.3708293612964728	0.7088091353996737	0.4890470974808324	0.4577275175013463	2014
1	0.4929178470254957	0.458820093457944	0.166845658177355	0.17694692612083385	0.3969258589511754	0.7242314647377939	0.4130311614730878	0.33060747663551404	0.538678712591756	0.4648255813953489	0.1833705248859998	0.20003931976801334	0.3259827420901246	0.6994680851063829	0.3726708074534161	0.4156976744186047	2014
1	0.5438988095238095	0.5010357327809425	0.1515767367814924	0.22010107684340235	0.3019366197183099	0.716996699669967	0.3898809523809524	0.3635422061108234	0.5244040862656073	0.5017458100558659	0.16400717772589574	0.2807905245961154	0.3852772466539197	0.706858407079646	0.4012485811577752	0.5251396648044693	2014
1	0.5063473744950953	0.4386271087841768	0.16877760267709488	0.19810148499725	0.3477038425492034	0.7357330992098332	0.4235429890363531	0.32344386271087844	0.5204918032786885	0.4809989142236699	0.1928761316948932	0.21467751087573286	0.3612132352941176	0.6684118673647469	0.3994535519125683	0.3365906623235613	2014
1	0.5312320916905444	0.4754666666666666	0.12765140608503694	0.15705803485922235	0.27884615384615385	0.7232704402515723	0.44126074498567336	0.25866666666666666	0.5143943508962521	0.4862579281183933	0.1772403360731925	0.1571222596029428	0.4105263157894737	0.6711749788672866	0.4367191743617599	0.3266384778012685	2014
1	0.5270345596432553	0.451345163136806	0.18021644697423608	0.2377615376914606	0.3576576576576577	0.7083333333333334	0.4336677814938685	0.3262736119061248	0.5258668134287287	0.4942062572421784	0.18444340940847692	0.20303827052293308	0.3494085532302093	0.7145471180237878	0.4127682993946065	0.4316338354577057	2014
1	0.5312320916905444	0.4754666666666666	0.12765140608503694	0.15705803485922235	0.27884615384615385	0.7232704402515723	0.44126074498567336	0.25866666666666666	0.5157563025210085	0.4222100054975261	0.1575425142897717	0.2014435194378676	0.37249782419495214	0.7400662251655629	0.4170168067226891	0.3446948873007147	2014
1	0.4818918918918919	0.46894409937888204	0.1683829668800445	0.19361685853061536	0.3491644678979771	0.6827820186598813	0.3756756756756757	0.4116318464144551	0.5298941798941799	0.4961915125136017	0.16503122212310434	0.18899738738905664	0.3386524822695036	0.7178819444444444	0.4232804232804233	0.39662676822633297	2015
1	0.5287037037037037	0.4726697353279632	0.19266353524878504	0.22722212100969616	0.2418558736426456	0.7203619909502262	0.487037037037037	0.311277330264672	0.5350665054413543	0.4743034055727554	0.16742721933493893	0.2082698916779049	0.2755741127348643	0.7405566600397614	0.3288996372430472	0.3151702786377709	2015
1	0.5047274749721913	0.4844686648501362	0.21798836115005668	0.2253810904329936	0.31272727272727274	0.6415891800507185	0.3598442714126808	0.3760217983651226	0.5355450236966824	0.4785515320334262	0.19085125719478946	0.18552695483244291	0.28978388998035365	0.6799645390070922	0.393957345971564	0.3342618384401114	2015
1	0.5093939393939394	0.4656133828996282	0.19895245442364687	0.21807306486116013	0.3428853754940712	0.687037037037037	0.4412121212121212	0.4392812887236679	0.5536801328168235	0.5199214365881033	0.1631641402541724	0.18465605380294284	0.2937853107344633	0.6942615239887112	0.3558384061981184	0.35185185185185186	2015
1	0.5186697782963827	0.4504132231404959	0.17069956875898418	0.23899611568418302	0.3054989816700611	0.6552028218694885	0.3838973162193699	0.3937426210153483	0.4974504249291785	0.4577505827505827	0.1916784448876067	0.20151004999489847	0.4195298372513562	0.6823425022182786	0.3875354107648725	0.32342657342657344	2015
1	0.5177813163481954	0.3970588235294117	0.1606586559857588	0.2285288099290509	0.40423572744014735	0.6833731105807478	0.43789808917197454	0.3164488017429194	0.4583107742284786	0.4652970571904497	0.21319344691528627	0.2129448283507631	0.3284552845528455	0.6908171861836563	0.4342176502436384	0.4591893392559689	2015
1	0.4957333333333334	0.4552477357485349	0.15963123803915796	0.15334012786065046	0.3418803418803419	0.6964725184577523	0.3621333333333333	0.3409696323921151	0.5047318611987381	0.446122860020141	0.21449785502144975	0.19522564348862445	0.3400525854513585	0.6695046439628483	0.334384858044164	0.30060422960725075	2015
1	0.5142257462686567	0.4530642023346304	0.17959421415396565	0.18154349531742986	0.3993453355155483	0.6950146627565983	0.3479477611940299	0.3759727626459144	0.4727011494252874	0.4606413994169096	0.1912514711651628	0.21250063622944976	0.32224770642201833	0.7215332581736189	0.3908045977011495	0.3309037900874636	2015
1	0.5858067997841339	0.4805947580645161	0.14797840164770934	0.17552520432230814	0.28075396825396826	0.6839506172839506	0.3712898003237993	0.23336693548387094	0.5455089820359281	0.4952755905511811	0.2359396156255684	0.1619471540865612	0.2964509394572025	0.7446996466431095	0.42095808383233535	0.2467191601049869	2015
1	0.4775588396278052	0.4724137931034483	0.21357067589944298	0.2030007197298245	0.3397717295873573	0.6694352159468439	0.3716475095785441	0.3405835543766578	0.5474318658280922	0.4793737574552684	0.1638045865284228	0.19176187396709066	0.28545454545454546	0.7084690553745928	0.3742138364779874	0.242544731610338	2015
1	0.4937727036844837	0.4868703108252948	0.17539149888143174	0.19486237844522306	0.3386155129274395	0.7190152801358234	0.3632589517384536	0.32743837084673105	0.5238532110091743	0.45451877934272295	0.20386837683891326	0.2089697019730868	0.3704850361197111	0.7067603160667252	0.4409785932721713	0.31220657276995306	2015
1	0.5559440559440559	0.4270833333333333	0.18614005434433767	0.1893899091354032	0.31291028446389496	0.7189483227561196	0.42848061029879214	0.3449754901960784	0.5617433414043583	0.48859825620388997	0.21168717226745012	0.2742522900342125	0.3769633507853403	0.7011494252873564	0.42433414043583534	0.4896042924211938	2015
1	0.5531914893617021	0.4552801724137931	0.1696645332156257	0.22959329188295025	0.32651162790697674	0.6893939393939394	0.4238952536824877	0.3033405172413793	0.5626491646778043	0.5291991101223582	0.1780125606502972	0.16863071856525014	0.2763873775843308	0.6555023923444976	0.3096658711217184	0.27586206896551724	2015
1	0.5304812834224599	0.5021482277121375	0.18821094279486375	0.205220051864704	0.31307550644567217	0.7288428324697754	0.38128342245989305	0.3442534908700322	0.4818918918918919	0.46894409937888204	0.1683829668800445	0.19361685853061536	0.3491644678979771	0.6827820186598813	0.3756756756756757	0.4116318464144551	2015
1	0.477759009009009	0.451062639821029	0.17311491761456274	0.19824749216922405	0.3583556747095621	0.6945642795513374	0.3958333333333333	0.29194630872483224	0.5595768374164811	0.4906814210832848	0.14273014618727775	0.17686896579525527	0.29846449136276393	0.6991720331186753	0.28953229398663693	0.3541059988351776	2015
1	0.5381799163179917	0.456891817682592	0.18115942028985507	0.17712121497616398	0.34574468085106386	0.7406483790523691	0.3190376569037657	0.3767160900604064	0.4889420203227735	0.4419496166484118	0.20148148148148148	0.16893178011268464	0.3231197771587744	0.7111292962356792	0.4781829049611476	0.3428258488499452	2015
1	0.4941302027748132	0.4372351694915254	0.18103094322720314	0.20815321580272905	0.3089788732394366	0.6850828729281768	0.3265741728922092	0.2891949152542373	0.5012461059190031	0.4959375	0.19824022050249127	0.21997530101883295	0.3248730964467005	0.7448275862068966	0.3987538940809969	0.30375	2015
1	0.5210148641722194	0.4779374037968189	0.17468239564428312	0.1696480912369211	0.30603060306030605	0.6830065359477124	0.2947206560738083	0.3530015392508979	0.5012953367875648	0.4599358974358974	0.1984870873122643	0.22211413748378728	0.2694300518134715	0.6686103012633625	0.39702072538860106	0.4230769230769231	2015
1	0.5121654501216545	0.4169269206745784	0.16070031505719662	0.18968893240176227	0.3391752577319588	0.7563868613138686	0.3424574209245742	0.2792004996876952	0.5649851632047478	0.5132022471910113	0.22081691893012648	0.1978046191134347	0.2913306451612903	0.7049335863377609	0.3293768545994065	0.2769662921348315	2015
1	0.4655696202531646	0.5265456989247311	0.17969838185476245	0.3386320988719453	0.40926347760060733	0.6912242686890574	0.4040506329113924	0.5598118279569892	0.4864217252396166	0.4847161572052402	0.1620752819481359	0.20723221415262935	0.3473861720067454	0.6955782312925171	0.422790202342918	0.3373362445414847	2015
1	0.5068087625814092	0.4516021361815754	0.14852296472323515	0.2366619181103809	0.3474903474903475	0.729757085020243	0.354647720544701	0.3684913217623498	0.5455958549222798	0.5049350649350649	0.17167654146509395	0.1625327797202797	0.3529937444146559	0.6880973066898349	0.3269430051813472	0.3205194805194805	2015
1	0.5457334076965978	0.4669678147939018	0.121520745327238	0.17518293439166566	0.3194444444444444	0.7627432808155699	0.3558282208588957	0.2106154714850367	0.4987515605493134	0.4713193116634799	0.17756890098673014	0.17635517933117298	0.3512974051896208	0.7225490196078431	0.39575530586766544	0.3556405353728489	2015
1	0.5177813163481954	0.3970588235294117	0.1606586559857588	0.2285288099290509	0.40423572744014735	0.6833731105807478	0.43789808917197454	0.3164488017429194	0.5037950664136622	0.4445768772348033	0.22178600091100364	0.20901665701974406	0.37340425531914895	0.6819431714023831	0.3782416192283365	0.25446960667461266	2015
1	0.5142257462686567	0.4530642023346304	0.17959421415396565	0.18154349531742986	0.3993453355155483	0.6950146627565983	0.3479477611940299	0.3759727626459144	0.5019203072491598	0.4858934169278997	0.16457408721189226	0.2426446930969149	0.355877616747182	0.6581632653061225	0.3725396063370139	0.3845350052246604	2015
1	0.5858067997841339	0.4805947580645161	0.14797840164770934	0.17552520432230814	0.28075396825396826	0.6839506172839506	0.3712898003237993	0.23336693548387094	0.4906832298136646	0.468230403800475	0.17441971901174935	0.20871744940026105	0.3551912568306011	0.7511961722488039	0.4054206662902315	0.3331353919239905	2015
1	0.4937727036844837	0.4868703108252948	0.17539149888143174	0.19486237844522306	0.3386155129274395	0.7190152801358234	0.3632589517384536	0.32743837084673105	0.4775588396278052	0.4724137931034483	0.21357067589944298	0.2030007197298245	0.3397717295873573	0.6694352159468439	0.3716475095785441	0.3405835543766578	2015
1	0.5559440559440559	0.4270833333333333	0.18614005434433767	0.1893899091354032	0.31291028446389496	0.7189483227561196	0.42848061029879214	0.3449754901960784	0.5093939393939394	0.4656133828996282	0.19895245442364687	0.21807306486116013	0.3428853754940712	0.687037037037037	0.4412121212121212	0.4392812887236679	2015
1	0.5304812834224599	0.5021482277121375	0.18821094279486375	0.205220051864704	0.31307550644567217	0.7288428324697754	0.38128342245989305	0.3442534908700322	0.5186697782963827	0.4504132231404959	0.17069956875898418	0.23899611568418302	0.3054989816700611	0.6552028218694885	0.3838973162193699	0.3937426210153483	2015
1	0.4941302027748132	0.4372351694915254	0.18103094322720314	0.20815321580272905	0.3089788732394366	0.6850828729281768	0.3265741728922092	0.2891949152542373	0.5287037037037037	0.4726697353279632	0.19266353524878504	0.22722212100969616	0.2418558736426456	0.7203619909502262	0.487037037037037	0.311277330264672	2015
1	0.4655696202531646	0.5265456989247311	0.17969838185476245	0.3386320988719453	0.40926347760060733	0.6912242686890574	0.4040506329113924	0.5598118279569892	0.5088600118133491	0.4541884816753927	0.1961152386974392	0.1734653908566952	0.2917874396135265	0.6956875508543532	0.4447725930301241	0.2790575916230367	2015
1	0.5068087625814092	0.4516021361815754	0.14852296472323515	0.2366619181103809	0.3474903474903475	0.729757085020243	0.354647720544701	0.3684913217623498	0.492776886035313	0.4438543247344461	0.19570263996112935	0.17539530046360768	0.34865568083261056	0.681504221028396	0.4301765650080257	0.3358624178047547	2015
1	0.5457334076965978	0.4669678147939018	0.121520745327238	0.17518293439166566	0.3194444444444444	0.7627432808155699	0.3558282208588957	0.2106154714850367	0.5210148641722194	0.4779374037968189	0.17468239564428312	0.1696480912369211	0.30603060306030605	0.6830065359477124	0.2947206560738083	0.3530015392508979	2015
1	0.5457334076965978	0.4669678147939018	0.121520745327238	0.17518293439166566	0.3194444444444444	0.7627432808155699	0.3558282208588957	0.2106154714850367	0.5142257462686567	0.4530642023346304	0.17959421415396565	0.18154349531742986	0.3993453355155483	0.6950146627565983	0.3479477611940299	0.3759727626459144	2015
1	0.5457334076965978	0.4669678147939018	0.121520745327238	0.17518293439166566	0.3194444444444444	0.7627432808155699	0.3558282208588957	0.2106154714850367	0.5358490566037736	0.4432077625570776	0.1701227026737395	0.23673123868021104	0.34137291280148424	0.7768166089965398	0.4711590296495957	0.363013698630137	2015
1	0.5381799163179917	0.456891817682592	0.18115942028985507	0.17712121497616398	0.34574468085106386	0.7406483790523691	0.3190376569037657	0.3767160900604064	0.4781061850027367	0.4344827586206896	0.17672139731458278	0.2308858436558754	0.35119047619047616	0.6905982905982906	0.3880678708264915	0.34655172413793106	2015
1	0.5457334076965978	0.4669678147939018	0.121520745327238	0.17518293439166566	0.3194444444444444	0.7627432808155699	0.3558282208588957	0.2106154714850367	0.5177813163481954	0.3970588235294117	0.1606586559857588	0.2285288099290509	0.40423572744014735	0.6833731105807478	0.43789808917197454	0.3164488017429194	2015
1	0.5117680826636051	0.4807802639127941	0.17219539228881325	0.16586129045035053	0.315289648622982	0.725402504472272	0.3639494833524684	0.3608720596672404	0.5162234042553191	0.5199438202247191	0.18677814649339092	0.22062802022501254	0.2886142983230362	0.6398537477148081	0.33563829787234045	0.4646067415730337	2016
1	0.4961002785515321	0.4451783355350066	0.14567094604921288	0.26372585724668	0.3183023872679045	0.7630827783063748	0.3782729805013928	0.4537648612945839	0.5345016429353778	0.4305977710233029	0.17450215561486349	0.14046675473359754	0.2743682310469314	0.7056145675265554	0.3948521358159912	0.34194528875379937	2016
1	0.5204185809086268	0.44174003107198345	0.17068236824043634	0.1865604545781486	0.2908762420957543	0.7082371054657429	0.29657988769780497	0.3454168824443294	0.4843014128728415	0.4687337154768109	0.19179764680752595	0.15907493195378267	0.35004177109440265	0.7540322580645161	0.3997906855049712	0.3553934340802501	2016
1	0.5858369098712446	0.4954276492738031	0.20446931556587006	0.1991614255765199	0.3767123287671233	0.7126537785588752	0.3331545064377682	0.29316837009144703	0.5176767676767676	0.4980392156862745	0.18473606426920308	0.21756290083867785	0.3252788104089219	0.7114337568058077	0.41975308641975306	0.3081232492997199	2016
1	0.5680904522613065	0.4951807228915663	0.16718781065302654	0.1729184452149067	0.2727272727272727	0.6931726907630522	0.2547738693467337	0.2419277108433735	0.5382639958911145	0.4849663037843442	0.1837772745246055	0.2016489609042458	0.2935064935064935	0.6873469387755102	0.325115562403698	0.3623639191290825	2016
1	0.5591793792740662	0.4529195160441873	0.1858602546375276	0.2006761520799812	0.3216266173752311	0.7123287671232876	0.3903208837453971	0.3724355602314571	0.5152422427871529	0.5365667851701371	0.21688053497198628	0.19751188646194545	0.3177083333333333	0.7027491408934707	0.4654327708219924	0.31030980192991364	2016
1	0.539009111617312	0.4796084828711256	0.16514276858703653	0.17955747770011968	0.3045186640471513	0.7084805653710248	0.39977220956719817	0.2876563349646547	0.496177370030581	0.4979869149471565	0.19635198677207666	0.1838807933266415	0.3217741935483871	0.7135922330097088	0.4174311926605505	0.3709109209864117	2016
1	0.5205761316872428	0.4738641914997557	0.1485663943616851	0.19312859685809586	0.3975	0.7019157088122605	0.3223593964334705	0.2970200293111871	0.5117680826636051	0.4807802639127941	0.17219539228881325	0.16586129045035053	0.315289648622982	0.725402504472272	0.3639494833524684	0.3608720596672404	2016
1	0.5516111414527579	0.4740068661108386	0.18735516184495776	0.1520459516653922	0.29706717123935666	0.7198723064644852	0.3839432004369197	0.2344286414909269	0.4822348094747682	0.4846938775510204	0.1499382607161757	0.22265529382967106	0.3027295285359802	0.7097053726169844	0.3810504634397529	0.4642857142857143	2016
1	0.5438898450946644	0.4865030674846626	0.15565374573207472	0.2126068376068376	0.30610134436401243	0.7411764705882353	0.3241537578886977	0.3374233128834356	0.4715755278830536	0.4806843267108168	0.19012797074954296	0.17741628614916286	0.3499170812603649	0.7262222222222222	0.41959935029778017	0.3642384105960265	2016
1	0.4961002785515321	0.4451783355350066	0.14567094604921288	0.26372585724668	0.3183023872679045	0.7630827783063748	0.3782729805013928	0.4537648612945839	0.5377211238293444	0.4631290483308421	0.18430408867510195	0.16907402175448508	0.3506849315068493	0.750994431185362	0.441207075962539	0.29247633283507724	2016
1	0.5244547257105089	0.46278755074424893	0.20302982976729655	0.19493521790341575	0.3922413793103448	0.7597061909758657	0.4203569068076669	0.3382949932341001	0.5167386609071274	0.5106936416184971	0.1888147957116015	0.2134170495959436	0.402224281742354	0.7123681687440077	0.3920086393088553	0.3803468208092485	2016
1	0.5242030696576151	0.44864226682408503	0.1937262133636756	0.2149400986610289	0.31051587301587297	0.7332123411978222	0.4628099173553719	0.3925619834710744	0.5228601807549176	0.4391752577319588	0.18118874201960256	0.14220906948308554	0.3263525305410122	0.7440944881889764	0.4146730462519936	0.3716494845360825	2016
1	0.5181665735047513	0.4851543942992874	0.17873014646210922	0.20941623350659733	0.2824156305506217	0.7454710144927537	0.3571827836780324	0.42755344418052255	0.5602766798418972	0.4259918616480163	0.1749930177349532	0.14378240634235254	0.3722172751558326	0.7596371882086168	0.30039525691699603	0.3402848423194303	2016
1	0.5349783080260304	0.4921793534932221	0.1471645972138098	0.14501538748484566	0.3280075187969925	0.6868600682593856	0.3318872017353579	0.26850886339937435	0.5501600853788687	0.5119241192411924	0.15223948551590688	0.18760907504363	0.24413145539906106	0.7365988909426987	0.2844183564567769	0.2682926829268293	2016
1	0.5451244813278008	0.4641798418972332	0.18755536272755213	0.17950708325247428	0.3054318788958148	0.7017954722872756	0.3355809128630705	0.27322134387351776	0.4931629013079667	0.4467265725288832	0.1830086624100208	0.2345917128987517	0.3406698564593301	0.70311027332705	0.38525564803805	0.4197689345314506	2016
1	0.5231600617601647	0.4902426160337553	0.16396453119261242	0.2188648578763644	0.34611953612845675	0.6875	0.4024704065877509	0.32331223628691985	0.4789915966386555	0.5327635327635327	0.1750178885687211	0.21528632088574945	0.2357581069237511	0.7038834951456311	0.3607843137254902	0.3378917378917379	2016
1	0.5127576054955839	0.4786729857819905	0.14475921156727095	0.16641853620137925	0.2827868852459016	0.7415644171779141	0.3773307163886163	0.2450236966824645	0.4903896103896104	0.45294753921038394	0.16026801883375588	0.21468773572133146	0.3679727427597956	0.694048616932104	0.3350649350649351	0.2693347755543537	2016
1	0.5044543429844098	0.4749318801089918	0.18687267613231354	0.20939882273472932	0.3295553618134263	0.6476109215017065	0.35467706013363026	0.29427792915531337	0.5199438202247191	0.4685620557681793	0.19893394250904248	0.1903577577960589	0.2887067395264117	0.7641196013289037	0.4101123595505618	0.3253143794423182	2016
1	0.5087429111531191	0.4903173749327596	0.16094598172911426	0.24286216531280644	0.33255086071987483	0.7216054654141759	0.32325141776937616	0.370091447014524	0.4988419224088014	0.4940511600237954	0.17218384855783586	0.2038704965920156	0.2940630797773655	0.6770244821092278	0.3717429067747539	0.3932183224271267	2016
1	0.5426136363636364	0.46282722513089	0.16964670400689358	0.21665133394664213	0.28584392014519056	0.7133757961783439	0.3429752066115703	0.31413612565445026	0.4988782950084128	0.4867231638418079	0.1928494450851752	0.24285235758901305	0.3159752868490733	0.7057245080500895	0.4240044868199663	0.3338983050847458	2016
1	0.4899885583524027	0.4847507331378299	0.17093933845015	0.1982711166384636	0.33639705882352944	0.7179732313575525	0.397025171624714	0.34252199413489737	0.5133259300388673	0.5046029919447641	0.17308979630869273	0.17865770190836622	0.3736892278360343	0.725398313027179	0.36646307606885065	0.3256616800920598	2016
1	0.5147058823529411	0.4791446673706442	0.17707718481997153	0.20729760965676647	0.3569598633646456	0.7370156636438582	0.4293085655314757	0.3437170010559662	0.5489596083231334	0.471627408993576	0.2163227169320767	0.1586909422631039	0.2597402597402597	0.7480916030534351	0.4663402692778458	0.2880085653104925	2016
1	0.5680904522613065	0.4951807228915663	0.16718781065302654	0.1729184452149067	0.2727272727272727	0.6931726907630522	0.2547738693467337	0.2419277108433735	0.5241460541813898	0.4511278195488722	0.16410925431239776	0.22838394235717965	0.2694610778443114	0.6989748369058714	0.3127208480565371	0.3834586466165413	2016
1	0.5591793792740662	0.4529195160441873	0.1858602546375276	0.2006761520799812	0.3216266173752311	0.7123287671232876	0.3903208837453971	0.3724355602314571	0.5204185809086268	0.44174003107198345	0.17068236824043634	0.1865604545781486	0.2908762420957543	0.7082371054657429	0.29657988769780497	0.3454168824443294	2016
1	0.5438898450946644	0.4865030674846626	0.15565374573207472	0.2126068376068376	0.30610134436401243	0.7411764705882353	0.3241537578886977	0.3374233128834356	0.5246781115879828	0.4935138183869148	0.1447462146810104	0.19800727810535734	0.32838589981447125	0.7222739981360671	0.3975321888412017	0.3620981387478849	2016
1	0.5563823697767601	0.4667370644139388	0.20339687629906766	0.16757930513595165	0.3022540983606557	0.7051390058972199	0.3560389238694905	0.2692713833157339	0.5242030696576151	0.44864226682408503	0.1937262133636756	0.2149400986610289	0.31051587301587297	0.7332123411978222	0.4628099173553719	0.3925619834710744	2016
1	0.5044543429844098	0.4749318801089918	0.18687267613231354	0.20939882273472932	0.3295553618134263	0.6476109215017065	0.35467706013363026	0.29427792915531337	0.5181665735047513	0.4851543942992874	0.17873014646210922	0.20941623350659733	0.2824156305506217	0.7454710144927537	0.3571827836780324	0.42755344418052255	2016
1	0.5141369047619048	0.4707253886010362	0.170769099735968	0.2203641903656413	0.3504823151125402	0.7015043547110056	0.37450396825396826	0.3243523316062176	0.5329994107248085	0.4862334801762114	0.16477179106936893	0.1970310660627706	0.17629482071713148	0.7273550724637681	0.3282262816735416	0.23623348017621146	2016
1	0.5426136363636364	0.46282722513089	0.16964670400689358	0.21665133394664213	0.28584392014519056	0.7133757961783439	0.3429752066115703	0.31413612565445026	0.5176501580611169	0.4744871120462914	0.1483720417462884	0.19273023449634427	0.3231173380035026	0.6864548494983278	0.3340358271865121	0.2519726459758022	2016
1	0.5231600617601647	0.4902426160337553	0.16396453119261242	0.2188648578763644	0.34611953612845675	0.6875	0.4024704065877509	0.32331223628691985	0.5365111561866126	0.4943792766373412	0.1404881748603737	0.1767530206299794	0.33978132884777124	0.6548599670510709	0.4016227180527384	0.2536656891495601	2016
1	0.5426136363636364	0.46282722513089	0.16964670400689358	0.21665133394664213	0.28584392014519056	0.7133757961783439	0.3429752066115703	0.31413612565445026	0.539009111617312	0.4796084828711256	0.16514276858703653	0.17955747770011968	0.3045186640471513	0.7084805653710248	0.39977220956719817	0.2876563349646547	2016
1	0.5205761316872428	0.4738641914997557	0.1485663943616851	0.19312859685809586	0.3975	0.7019157088122605	0.3223593964334705	0.2970200293111871	0.5858369098712446	0.4954276492738031	0.20446931556587006	0.1991614255765199	0.3767123287671233	0.7126537785588752	0.3331545064377682	0.29316837009144703	2016
1	0.5044543429844098	0.4749318801089918	0.18687267613231354	0.20939882273472932	0.3295553618134263	0.6476109215017065	0.35467706013363026	0.29427792915531337	0.5528169014084507	0.4509803921568628	0.16984204222188948	0.1504890895410083	0.31874405328258804	0.7405924739791834	0.35861321776814736	0.28328173374613	2016
1	0.5438898450946644	0.4865030674846626	0.15565374573207472	0.2126068376068376	0.30610134436401243	0.7411764705882353	0.3241537578886977	0.3374233128834356	0.5680904522613065	0.4951807228915663	0.16718781065302654	0.1729184452149067	0.2727272727272727	0.6931726907630522	0.2547738693467337	0.2419277108433735	2016
1	0.5426136363636364	0.46282722513089	0.16964670400689358	0.21665133394664213	0.28584392014519056	0.7133757961783439	0.3429752066115703	0.31413612565445026	0.5591793792740662	0.4529195160441873	0.1858602546375276	0.2006761520799812	0.3216266173752311	0.7123287671232876	0.3903208837453971	0.3724355602314571	2016
1	0.5426136363636364	0.46282722513089	0.16964670400689358	0.21665133394664213	0.28584392014519056	0.7133757961783439	0.3429752066115703	0.31413612565445026	0.5451244813278008	0.4641798418972332	0.18755536272755213	0.17950708325247428	0.3054318788958148	0.7017954722872756	0.3355809128630705	0.27322134387351776	2016
1	0.5426136363636364	0.46282722513089	0.16964670400689358	0.21665133394664213	0.28584392014519056	0.7133757961783439	0.3429752066115703	0.31413612565445026	0.5205761316872428	0.4738641914997557	0.1485663943616851	0.19312859685809586	0.3975	0.7019157088122605	0.3223593964334705	0.2970200293111871	2016
1	0.4870931537598204	0.4843921139101862	0.21577126345005893	0.21467826883444013	0.2951263537906137	0.716696269982238	0.4107744107744108	0.3362541073384447	0.5176914153132249	0.4511510387422796	0.1846485137555596	0.2007971798261427	0.3194980694980695	0.6854700854700855	0.3474477958236659	0.27568781583380125	2017
1	0.5192210419828023	0.4971070395371263	0.15994158655099874	0.18457107950082904	0.3076923076923077	0.6883759274525969	0.3722812341932221	0.2386692381870781	0.5126146788990825	0.4969153112731352	0.19783607587479876	0.22146254458977407	0.26427255985267034	0.7191216834400732	0.3818807339449541	0.3000560852495794	2017
1	0.5150554675118859	0.4564393939393939	0.16957060058497372	0.2260014690095485	0.3186907838070629	0.7075471698113207	0.4035921817221342	0.3392857142857143	0.5614133482893999	0.4846110800223839	0.22476770868600235	0.2442418426103647	0.2989289191820837	0.7284595300261096	0.4380257992148065	0.37772803581421377	2017
1	0.5391240157480315	0.4741735537190082	0.1646236450207679	0.21028161766010686	0.34033245844269466	0.6959349593495935	0.3769685039370079	0.3734504132231405	0.5404939689833429	0.4907514450867052	0.18490384999800105	0.17795556624959896	0.34486266531027465	0.7048579285059579	0.3394600804135554	0.3479768786127168	2017
1	0.5433403805496829	0.4743739079790332	0.1598997587477324	0.22066899650524213	0.3033175355450237	0.7558558558558559	0.2965116279069768	0.37856726849155503	0.4856495468277946	0.44889635316698656	0.16513682765720167	0.17933513946395407	0.30064308681672025	0.6995548961424333	0.39526686807653577	0.28742802303262954	2017
1	0.5786608600979859	0.4806485355648536	0.1795002261420172	0.21570236890831693	0.29633401221995925	0.7242268041237113	0.3532934131736527	0.21809623430962344	0.5093432995194874	0.4958441558441559	0.2085277103937302	0.22971944323618965	0.2294792586054722	0.6539115646258503	0.3283502402562733	0.332987012987013	2017
1	0.5294117647058824	0.4572261827608554	0.15956222403582565	0.23173729673650734	0.2874617737003058	0.7583497053045186	0.25742574257425743	0.339598185353208	0.551980198019802	0.5313914027149321	0.1364095948678614	0.22172094009678606	0.3244635193133047	0.7122232916265641	0.3089108910891089	0.3942307692307692	2017
1	0.5176497909893172	0.4871580122836404	0.16579725818251215	0.32733609645817635	0.3769349845201239	0.6761904761904762	0.3822573153738969	0.42155220547180333	0.5541250656857594	0.4797435897435898	0.20369634340222573	0.21203916224358046	0.26782449725776963	0.7256198347107438	0.371518654755649	0.3271794871794872	2017
1	0.5169878296146044	0.4726925177498635	0.16577188366635853	0.2162468932855829	0.3538331929233361	0.7467018469656992	0.3204868154158215	0.2643364281813217	0.5700113378684807	0.5086338242762823	0.18666410083710192	0.17031829082188793	0.2344689378757515	0.7005208333333334	0.405328798185941	0.2686642965972575	2017
1	0.5160705028512182	0.5183534347142108	0.1909268070015274	0.18999945192465792	0.3516949152542373	0.7497827975673328	0.4116122343182996	0.3366544310435239	0.5261020881670534	0.4713813979086406	0.19984131706833289	0.18222136521403776	0.3063748810656517	0.6774475524475524	0.3857308584686775	0.3219592735277931	2017
1	0.5135135135135135	0.4511173184357542	0.15788915031754738	0.20872161576204784	0.363481228668942	0.7128378378378378	0.3477817440081591	0.3977653631284917	0.5239485981308412	0.4929138321995465	0.22015904329964	0.17255279820663075	0.3151219512195122	0.7200357781753131	0.3382009345794392	0.34807256235827666	2017
1	0.5390753990093561	0.4628855201254574	0.22422813775656875	0.16435155839687055	0.29307116104868913	0.7265372168284789	0.3379196477710512	0.3512807109252483	0.5117276887871853	0.471655328798186	0.20228628230616305	0.19119304459829334	0.3365019011406844	0.7211191335740073	0.3432494279176201	0.2879818594104309	2017
1	0.5558455114822547	0.4613003095975232	0.17539883973894124	0.2110815504563426	0.32041587901701324	0.7020746887966804	0.3444676409185804	0.2662538699690403	0.5341941654710665	0.4959905660377358	0.17284303665449896	0.18465815621504245	0.26881720430107525	0.6834094368340944	0.3118125298900048	0.3339622641509434	2017
1	0.5068385060494477	0.4474133030130757	0.16577952219653386	0.20563262830717915	0.3316412859560068	0.7066219614417435	0.39558127301420304	0.4542353610005685	0.580070281124498	0.4995022399203584	0.18420487874669147	0.2069368046834928	0.2416974169741697	0.7025060630557801	0.2791164658634538	0.2857142857142857	2017
1	0.4669579464773348	0.4498152709359606	0.19321158526390106	0.2752865227073076	0.3370981754995656	0.6835680751173709	0.3997815401419989	0.4673645320197045	0.5757493188010899	0.5194120909595119	0.1811872076079454	0.19586996915886065	0.272636815920398	0.7107981220657277	0.3111716621253406	0.3594009983361065	2017
1	0.5953824626865671	0.4837081229921982	0.15891951414842498	0.16441946330849871	0.2943327239488117	0.7173431734317344	0.26865671641791045	0.2583754015603488	0.4809568044588946	0.4955246146195922	0.17924926191480384	0.2031360752381446	0.3816091954022989	0.7008964955175224	0.330236878773804	0.3421183490800597	2017
1	0.5192210419828023	0.4971070395371263	0.15994158655099874	0.18457107950082904	0.3076923076923077	0.6883759274525969	0.3722812341932221	0.2386692381870781	0.5473656200106439	0.4568690095846645	0.16920085838484253	0.19130936358392614	0.3752310536044362	0.7360655737704918	0.3650878126663119	0.2449414270500533	2017
1	0.5455012853470437	0.4393362350380849	0.16001883600467412	0.2156755636760911	0.3417391304347826	0.759170653907496	0.4071979434447301	0.35310119695321	0.5416413373860183	0.4772318753744758	0.1820165599380022	0.22570311199866866	0.2575150300601202	0.7302631578947368	0.4370820668693009	0.3457159976033553	2017
1	0.5568669527896996	0.4668705402650357	0.1953234257584516	0.1784224673278339	0.3091265947006869	0.7548278757346767	0.3428111587982833	0.22680937818552496	0.5480212355212355	0.4895070766227428	0.14416787165186254	0.2078145277261408	0.26057529610829105	0.6798069187449718	0.2760617760617761	0.2571986334797462	2017
1	0.5176497909893172	0.4871580122836404	0.16579725818251215	0.32733609645817635	0.3769349845201239	0.6761904761904762	0.3822573153738969	0.42155220547180333	0.5395966551893753	0.4895261845386534	0.14047402324604394	0.1941998964267219	0.2744588744588745	0.6901993355481728	0.2818494835218888	0.26633416458852865	2017
1	0.5169878296146044	0.4726925177498635	0.16577188366635853	0.2162468932855829	0.3538331929233361	0.7467018469656992	0.3204868154158215	0.2643364281813217	0.5786608600979859	0.4806485355648536	0.1795002261420172	0.21570236890831693	0.29633401221995925	0.7242268041237113	0.3532934131736527	0.21809623430962344	2017
1	0.5160705028512182	0.5183534347142108	0.1909268070015274	0.18999945192465792	0.3516949152542373	0.7497827975673328	0.4116122343182996	0.3366544310435239	0.5391240157480315	0.4741735537190082	0.1646236450207679	0.21028161766010686	0.34033245844269466	0.6959349593495935	0.3769685039370079	0.3734504132231405	2017
1	0.5690288713910762	0.5167642362959021	0.15273252369668247	0.2150507006949983	0.2526416906820365	0.7059907834101382	0.30498687664042	0.2751463544438531	0.5135135135135135	0.4511173184357542	0.15788915031754738	0.20872161576204784	0.363481228668942	0.7128378378378378	0.3477817440081591	0.3977653631284917	2017
1	0.5229885057471264	0.4854219948849105	0.15734378010403954	0.20088443078250556	0.4196933010492333	0.7489677952105698	0.33057471264367816	0.3140664961636829	0.5151515151515151	0.4819930932412432	0.16657203927593348	0.18715722889539385	0.3243470935130581	0.6650980392156862	0.38807429130009774	0.3931919092254563	2017
1	0.4669579464773348	0.4498152709359606	0.19321158526390106	0.2752865227073076	0.3370981754995656	0.6835680751173709	0.3997815401419989	0.4673645320197045	0.547783251231527	0.4747257987601336	0.16613391655450874	0.17592623694199053	0.3152454780361757	0.7064793130366901	0.3891625615763547	0.30853600381497376	2017
1	0.5953824626865671	0.4837081229921982	0.15891951414842498	0.16441946330849871	0.2943327239488117	0.7173431734317344	0.26865671641791045	0.2583754015603488	0.5168650793650794	0.4472834857450242	0.14752846431546793	0.22179914326511185	0.35823429541595925	0.7036727879799666	0.3253968253968254	0.2958579881656805	2017
1	0.5558455114822547	0.4613003095975232	0.17539883973894124	0.2110815504563426	0.32041587901701324	0.7020746887966804	0.3444676409185804	0.2662538699690403	0.5690288713910762	0.5167642362959021	0.15273252369668247	0.2150507006949983	0.2526416906820365	0.7059907834101382	0.30498687664042	0.2751463544438531	2017
1	0.5160705028512182	0.5183534347142108	0.1909268070015274	0.18999945192465792	0.3516949152542373	0.7497827975673328	0.4116122343182996	0.3366544310435239	0.5368392952482648	0.47146529562982	0.1759448555352523	0.1845539717837483	0.3336510962821735	0.7383100902379001	0.4100373731980779	0.2915167095115681	2017
1	0.5229885057471264	0.4854219948849105	0.15734378010403954	0.20088443078250556	0.4196933010492333	0.7489677952105698	0.33057471264367816	0.3140664961636829	0.5456896551724137	0.5066225165562914	0.1561570493753718	0.2170408036710902	0.2807017543859649	0.7224448897795591	0.3620689655172414	0.3750752558699579	2017
1	0.4669579464773348	0.4498152709359606	0.19321158526390106	0.2752865227073076	0.3370981754995656	0.6835680751173709	0.3997815401419989	0.4673645320197045	0.5265771028037384	0.4522439585730725	0.21118466474434472	0.1720532705347355	0.3997965412004069	0.7033666969972703	0.3422897196261682	0.3037974683544304	2017
1	0.5558455114822547	0.4613003095975232	0.17539883973894124	0.2110815504563426	0.32041587901701324	0.7020746887966804	0.3444676409185804	0.2662538699690403	0.5586721564590839	0.4789126016260163	0.18559532246633595	0.19242473060537715	0.34252669039145905	0.6958637469586375	0.3679876479670613	0.3079268292682927	2017
1	0.5229885057471264	0.4854219948849105	0.15734378010403954	0.20088443078250556	0.4196933010492333	0.7489677952105698	0.33057471264367816	0.3140664961636829	0.5325278810408922	0.4737991266375546	0.16054577713576912	0.20878935847785826	0.3399523431294678	0.7282608695652174	0.41775092936802977	0.34691897137311983	2017
1	0.4669579464773348	0.4498152709359606	0.19321158526390106	0.2752865227073076	0.3370981754995656	0.6835680751173709	0.3997815401419989	0.4673645320197045	0.5150554675118859	0.4564393939393939	0.16957060058497372	0.2260014690095485	0.3186907838070629	0.7075471698113207	0.4035921817221342	0.3392857142857143	2017
1	0.5229885057471264	0.4854219948849105	0.15734378010403954	0.20088443078250556	0.4196933010492333	0.7489677952105698	0.33057471264367816	0.3140664961636829	0.5801033591731266	0.4155908639523337	0.1650004423604353	0.1840365042867583	0.2985507246376812	0.7463450292397661	0.3824289405684754	0.25968222442899697	2017
1	0.4943019943019943	0.4949674363528716	0.19207683073229287	0.21688927724378976	0.3215613382899628	0.7166504381694255	0.3162393162393162	0.3143872113676732	0.523104880581516	0.4995180722891566	0.2069235004706844	0.16638232462289487	0.2978540772532189	0.7007069913589945	0.3847352024922118	0.3209638554216868	2018
1	0.4718819599109131	0.4676535087719298	0.1963809127216975	0.20431371793142003	0.3506151142355009	0.7072758037225042	0.4014476614699332	0.3130482456140351	0.5382762312633833	0.5072192513368984	0.15005514074449045	0.2167400056174516	0.2808783165599268	0.6928508384819064	0.4191648822269807	0.3235294117647059	2018
1	0.5082956259426847	0.5150891632373114	0.18121145560530535	0.15951206184407193	0.2852485737571312	0.6784888203546646	0.43237807943690293	0.3136716963877458	0.51218820861678	0.4871651785714286	0.21884346959122636	0.16965255157437567	0.32577903682719545	0.702846975088968	0.31179138321995464	0.34375	2018
1	0.5481758652946679	0.484681064791562	0.16879065007098287	0.19149081355874373	0.3196457326892109	0.7137096774193549	0.3030869971936389	0.4038171772978403	0.5660134089736978	0.493198992443325	0.18493938589505354	0.1750167945408903	0.3326829268292683	0.7497928748964374	0.37648272305312014	0.3178841309823678	2018
1	0.5171092951991828	0.4689320388349514	0.1903967817356622	0.17303244677232846	0.3564614050303556	0.6872616323417239	0.4279877425944842	0.32233009708737864	0.5769442912300056	0.5121126760563379	0.15236312214941544	0.17112663370894465	0.2268993839835729	0.7661737523105361	0.24489795918367346	0.28619718309859155	2018
1	0.5153374233128835	0.5005980861244019	0.1550471451493681	0.257711038961039	0.3104041272570937	0.7269155206286837	0.3052147239263804	0.4066985645933015	0.5383843452082288	0.5116611137553546	0.1817465183498292	0.17492387176241148	0.2797567332754127	0.7001620745542951	0.3311590566984445	0.25654450261780104	2018
1	0.5281906714505382	0.4989690721649485	0.18242004662834366	0.18752286864251735	0.3415061295971979	0.7153912295786758	0.34546386468477697	0.28865979381443296	0.5333667837431009	0.515311510031679	0.17027296065384814	0.22161483341951688	0.3362068965517241	0.6805429864253394	0.3391871550426493	0.3262935586061246	2018
1	0.5263440860215054	0.4663488502523836	0.18907908438225032	0.2407126246804912	0.33394664213431463	0.7175239755884917	0.4026881720430108	0.38025799214806505	0.5336206896551724	0.4957516339869281	0.22235905856595511	0.3054717425263744	0.3272023233301065	0.7108673978065803	0.4	0.503921568627451	2018
1	0.597036328871893	0.4924279433317049	0.14943368031381074	0.19586143901068015	0.2884267631103074	0.7327302631578947	0.28632887189292544	0.2554958475818271	0.4943019943019943	0.4949674363528716	0.19207683073229287	0.21688927724378976	0.3215613382899628	0.7166504381694255	0.3162393162393162	0.3143872113676732	2018
1	0.5384615384615384	0.5203141928494042	0.16206672405614794	0.2191336011111528	0.2726457399103139	0.7532228360957642	0.26261636452719256	0.3510292524377032	0.5416868637905963	0.5017775520568817	0.1557165459238904	0.2044638408274772	0.2937181663837012	0.6841243862520459	0.3732428502181289	0.4144235652615541	2018
1	0.5347874102705688	0.4952112676056338	0.18189867570064674	0.2295002426006793	0.2618816682832202	0.6767399267399268	0.33517393705135284	0.3661971830985916	0.5801466736511263	0.5	0.16472305935645695	0.16432653508371522	0.21841332027424093	0.7529610829103215	0.2713462545835516	0.2419191919191919	2018
1	0.5777243589743589	0.4256588761810045	0.20043127280769651	0.1449518002220538	0.3613861386138614	0.7319434102755026	0.3621794871794872	0.2923918448533068	0.5395989974937343	0.4757211538461538	0.18129109687452455	0.17870265214777206	0.2727272727272727	0.7264957264957265	0.4230576441102757	0.34423076923076923	2018
1	0.5234752084247477	0.5006902899217671	0.1640762623349494	0.16777968791325046	0.384375	0.7403273809523809	0.28609039052215884	0.2581684307409112	0.5190992018244014	0.5174985656913368	0.2186166824315194	0.21911764705882356	0.28	0.7592768791627021	0.4122006841505131	0.38726333907056804	2018
1	0.5814315352697096	0.4682734874569602	0.1624713549126325	0.1830311019273932	0.27702702702702703	0.7180301826846703	0.3609958506224066	0.23757993113625184	0.5203012442698101	0.4825443786982249	0.2287183061775725	0.19294716531877332	0.26512651265126513	0.7107279693486591	0.4603798297314997	0.3479289940828402	2018
1	0.511334363730036	0.4637462235649547	0.19596510556829885	0.15986139391990856	0.3438836612489307	0.7156177156177156	0.3204533745492014	0.29003021148036257	0.4964556962025317	0.5014985014985015	0.1830742659758204	0.1997085571824853	0.29354838709677417	0.7112033195020747	0.3924050632911392	0.3136863136863137	2018
1	0.5025275735294118	0.495835646862854	0.15557064119348946	0.260833178352241	0.36615384615384616	0.7	0.31204044117647056	0.4414214325374792	0.5517135862913096	0.4686369119420989	0.1788871117097399	0.1906283280085197	0.3251599147121535	0.7277936962750716	0.3708690330477356	0.30156815440289503	2018
1	0.5571575695159631	0.5002413127413128	0.17938082987697102	0.16407569242553488	0.30102516309412863	0.7712418300653595	0.40216271884655	0.2475868725868726	0.5082956259426847	0.5150891632373114	0.18121145560530535	0.15951206184407193	0.2852485737571312	0.6784888203546646	0.43237807943690293	0.3136716963877458	2018
1	0.5171092951991828	0.4689320388349514	0.1903967817356622	0.17303244677232846	0.3564614050303556	0.6872616323417239	0.4279877425944842	0.32233009708737864	0.5481758652946679	0.484681064791562	0.16879065007098287	0.19149081355874373	0.3196457326892109	0.7137096774193549	0.3030869971936389	0.4038171772978403	2018
1	0.5439362795477903	0.4833150984682713	0.14148633205753774	0.2111111111111111	0.2597173144876325	0.7558558558558559	0.302672147995889	0.30087527352297594	0.5389144905273937	0.4580045095828636	0.17987547772414905	0.20904925544100805	0.3466312056737589	0.7417998317914214	0.3215565796210957	0.411499436302142	2018
1	0.5263440860215054	0.4663488502523836	0.18907908438225032	0.2407126246804912	0.33394664213431463	0.7175239755884917	0.4026881720430108	0.38025799214806505	0.5095508518327311	0.4888283378746594	0.14153069503290364	0.21237515784640112	0.2896725440806045	0.6912156166814551	0.3304078471863707	0.31662125340599456	2018
1	0.597036328871893	0.4924279433317049	0.14943368031381074	0.19586143901068015	0.2884267631103074	0.7327302631578947	0.28632887189292544	0.2554958475818271	0.5159829515183804	0.4721245605223506	0.2167330533676982	0.19364431688509284	0.2904599659284497	0.6938616938616938	0.4144912093766649	0.36815670517327975	2018
1	0.5274356103023516	0.4758807588075881	0.1884165222302284	0.1855512276418038	0.27411652340019105	0.7329299913569577	0.3409854423292273	0.26991869918699185	0.5179564997470916	0.494862087614927	0.16866308687870027	0.22577958730452485	0.3304940374787053	0.7174849267872524	0.3990895295902883	0.3839913466738778	2018
1	0.5486381322957199	0.4915172079495879	0.1413468937138269	0.18873080667475106	0.2726502963590178	0.7093479968578161	0.3706225680933852	0.3073194377120698	0.5157200811359026	0.4282258064516129	0.17023134002618945	0.2413164459796584	0.38144329896907214	0.7134740259740259	0.36764705882352944	0.27419354838709675	2018
1	0.5814315352697096	0.4682734874569602	0.1624713549126325	0.1830311019273932	0.27702702702702703	0.7180301826846703	0.3609958506224066	0.23757993113625184	0.5384615384615384	0.5203141928494042	0.16206672405614794	0.2191336011111528	0.2726457399103139	0.7532228360957642	0.26261636452719256	0.3510292524377032	2018
1	0.4718819599109131	0.4676535087719298	0.1963809127216975	0.20431371793142003	0.3506151142355009	0.7072758037225042	0.4014476614699332	0.3130482456140351	0.5777243589743589	0.4256588761810045	0.20043127280769651	0.1449518002220538	0.3613861386138614	0.7319434102755026	0.3621794871794872	0.2923918448533068	2018
1	0.511334363730036	0.4637462235649547	0.19596510556829885	0.15986139391990856	0.3438836612489307	0.7156177156177156	0.3204533745492014	0.29003021148036257	0.5234752084247477	0.5006902899217671	0.1640762623349494	0.16777968791325046	0.384375	0.7403273809523809	0.28609039052215884	0.2581684307409112	2018
1	0.5025275735294118	0.495835646862854	0.15557064119348946	0.260833178352241	0.36615384615384616	0.7	0.31204044117647056	0.4414214325374792	0.5486552567237164	0.4963553530751709	0.18541620383820087	0.1866787347868953	0.22400676246830087	0.6823266219239373	0.3286063569682152	0.28974943052391805	2018
1	0.5813896987366375	0.485	0.17293953650461755	0.18976146725970705	0.2914798206278027	0.6828504306969461	0.26239067055393583	0.2480952380952381	0.5274356103023516	0.4758807588075881	0.1884165222302284	0.1855512276418038	0.27411652340019105	0.7329299913569577	0.3409854423292273	0.26991869918699185	2018
1	0.5263440860215054	0.4663488502523836	0.18907908438225032	0.2407126246804912	0.33394664213431463	0.7175239755884917	0.4026881720430108	0.38025799214806505	0.5814315352697096	0.4682734874569602	0.1624713549126325	0.1830311019273932	0.27702702702702703	0.7180301826846703	0.3609958506224066	0.23757993113625184	2018
1	0.5779062690200852	0.4725056689342403	0.2103250478011472	0.2148938770521856	0.22085201793721973	0.7414414414414414	0.3317102860620816	0.25736961451247165	0.5347874102705688	0.4952112676056338	0.18189867570064674	0.2295002426006793	0.2618816682832202	0.6767399267399268	0.33517393705135284	0.3661971830985916	2018
1	0.5439362795477903	0.4833150984682713	0.14148633205753774	0.2111111111111111	0.2597173144876325	0.7558558558558559	0.302672147995889	0.30087527352297594	0.5389440669106116	0.4890795631825273	0.18177389672716776	0.2002199211949052	0.3315068493150685	0.699228791773779	0.3612127548353372	0.30681227249089965	2018
1	0.5813896987366375	0.485	0.17293953650461755	0.18976146725970705	0.2914798206278027	0.6828504306969461	0.26239067055393583	0.2480952380952381	0.5601761252446184	0.4601603017444602	0.1764416470149127	0.170644063134005	0.3914185639229422	0.7083333333333334	0.34882583170254405	0.22017916077322014	2018
1	0.597036328871893	0.4924279433317049	0.14943368031381074	0.19586143901068015	0.2884267631103074	0.7327302631578947	0.28632887189292544	0.2554958475818271	0.5263440860215054	0.4663488502523836	0.18907908438225032	0.2407126246804912	0.33394664213431463	0.7175239755884917	0.4026881720430108	0.38025799214806505	2018
1	0.5439362795477903	0.4833150984682713	0.14148633205753774	0.2111111111111111	0.2597173144876325	0.7558558558558559	0.302672147995889	0.30087527352297594	0.5779062690200852	0.4725056689342403	0.2103250478011472	0.2148938770521856	0.22085201793721973	0.7414414414414414	0.3317102860620816	0.25736961451247165	2018
1	0.597036328871893	0.4924279433317049	0.14943368031381074	0.19586143901068015	0.2884267631103074	0.7327302631578947	0.28632887189292544	0.2554958475818271	0.5813896987366375	0.485	0.17293953650461755	0.18976146725970705	0.2914798206278027	0.6828504306969461	0.26239067055393583	0.2480952380952381	2018
1	0.597036328871893	0.4924279433317049	0.14943368031381074	0.19586143901068015	0.2884267631103074	0.7327302631578947	0.28632887189292544	0.2554958475818271	0.5439362795477903	0.4833150984682713	0.14148633205753774	0.2111111111111111	0.2597173144876325	0.7558558558558559	0.302672147995889	0.30087527352297594	2018
